intervention_or_pair,pulse,phase_axis,summary_measure,design_grid_median_deg,design_grid_range_min_deg,design_grid_range_max_deg,complete_cells,aggregation_basis,independent_stochastic_realization_count,inferential_scope,generated_at_utc,publication_script_version,publication_script_sha256,protocol_spec_sha256,locked_protocol_sha256,source_a_to_d_script_sha256,source_e_f_script_sha256,source_g_h_script_sha256,output_row_count
V0D+V0V,none,LR,phase_delta,90.75185555,79.46839958,133.2696294,9,descriptive design grid within one frozen realization; ranges are not uncertainty intervals,1,conditional on one frozen realization; no sampling inference,2026-08-26T18:12:43.884305+00:00,publication-outputs-1.0.0,0950b556111bec172d56ad34fe3569f251832a44e44c7eb43f636e6af321a5a1,ac36628fef7684bc08672b4c0678d32822a62f1b86b86ed9e5e19afa29f97220,cf2fef52687428f0eab74fc123ceb2a36cb6d0fc70d5442d221c955a4753ae2f,a0b23907336269b78a7cfd2eb7057232c7afcf87129f8a4c9d0f5e93faa0a5ef,d0bde0ec0552c341e5ead1b4598d63352fb999a1674433bd60a7c7c3d3287ac0,9c306d57a391d92a493f0b9590b5ec0d2af7679ab1dc1116abab6b6253017763,36
V0D+V0V,none,FE,phase_delta,2.353450412,-9.280550338,11.77712476,9,descriptive design grid within one frozen realization; ranges are not uncertainty intervals,1,conditional on one frozen realization; no sampling inference,2026-08-26T18:12:43.884305+00:00,publication-outputs-1.0.0,0950b556111bec172d56ad34fe3569f251832a44e44c7eb43f636e6af321a5a1,ac36628fef7684bc08672b4c0678d32822a62f1b86b86ed9e5e19afa29f97220,cf2fef52687428f0eab74fc123ceb2a36cb6d0fc70d5442d221c955a4753ae2f,a0b23907336269b78a7cfd2eb7057232c7afcf87129f8a4c9d0f5e93faa0a5ef,d0bde0ec0552c341e5ead1b4598d63352fb999a1674433bd60a7c7c3d3287ac0,9c306d57a391d92a493f0b9590b5ec0d2af7679ab1dc1116abab6b6253017763,36
V0D+V0V,excitatory,LR,phase_delta,59.42292676,-16.35401427,81.61688024,9,descriptive design grid within one frozen realization; ranges are not uncertainty intervals,1,conditional on one frozen realization; no sampling inference,2026-08-26T18:12:43.884305+00:00,publication-outputs-1.0.0,0950b556111bec172d56ad34fe3569f251832a44e44c7eb43f636e6af321a5a1,ac36628fef7684bc08672b4c0678d32822a62f1b86b86ed9e5e19afa29f97220,cf2fef52687428f0eab74fc123ceb2a36cb6d0fc70d5442d221c955a4753ae2f,a0b23907336269b78a7cfd2eb7057232c7afcf87129f8a4c9d0f5e93faa0a5ef,d0bde0ec0552c341e5ead1b4598d63352fb999a1674433bd60a7c7c3d3287ac0,9c306d57a391d92a493f0b9590b5ec0d2af7679ab1dc1116abab6b6253017763,36
V0D+V0V,excitatory,FE,phase_delta,-3.811968782,-27.65830095,12.55345648,9,descriptive design grid within one frozen realization; ranges are not uncertainty intervals,1,conditional on one frozen realization; no sampling inference,2026-08-26T18:12:43.884305+00:00,publication-outputs-1.0.0,0950b556111bec172d56ad34fe3569f251832a44e44c7eb43f636e6af321a5a1,ac36628fef7684bc08672b4c0678d32822a62f1b86b86ed9e5e19afa29f97220,cf2fef52687428f0eab74fc123ceb2a36cb6d0fc70d5442d221c955a4753ae2f,a0b23907336269b78a7cfd2eb7057232c7afcf87129f8a4c9d0f5e93faa0a5ef,d0bde0ec0552c341e5ead1b4598d63352fb999a1674433bd60a7c7c3d3287ac0,9c306d57a391d92a493f0b9590b5ec0d2af7679ab1dc1116abab6b6253017763,36
V0D+V0V,inhibitory,LR,phase_delta,98.86739283,74.03859495,116.5935952,9,descriptive design grid within one frozen realization; ranges are not uncertainty intervals,1,conditional on one frozen realization; no sampling inference,2026-08-26T18:12:43.884305+00:00,publication-outputs-1.0.0,0950b556111bec172d56ad34fe3569f251832a44e44c7eb43f636e6af321a5a1,ac36628fef7684bc08672b4c0678d32822a62f1b86b86ed9e5e19afa29f97220,cf2fef52687428f0eab74fc123ceb2a36cb6d0fc70d5442d221c955a4753ae2f,a0b23907336269b78a7cfd2eb7057232c7afcf87129f8a4c9d0f5e93faa0a5ef,d0bde0ec0552c341e5ead1b4598d63352fb999a1674433bd60a7c7c3d3287ac0,9c306d57a391d92a493f0b9590b5ec0d2af7679ab1dc1116abab6b6253017763,36
V0D+V0V,inhibitory,FE,phase_delta,1.314370511,-8.995369424,10.0889413,9,descriptive design grid within one frozen realization; ranges are not uncertainty intervals,1,conditional on one frozen realization; no sampling inference,2026-08-26T18:12:43.884305+00:00,publication-outputs-1.0.0,0950b556111bec172d56ad34fe3569f251832a44e44c7eb43f636e6af321a5a1,ac36628fef7684bc08672b4c0678d32822a62f1b86b86ed9e5e19afa29f97220,cf2fef52687428f0eab74fc123ceb2a36cb6d0fc70d5442d221c955a4753ae2f,a0b23907336269b78a7cfd2eb7057232c7afcf87129f8a4c9d0f5e93faa0a5ef,d0bde0ec0552c341e5ead1b4598d63352fb999a1674433bd60a7c7c3d3287ac0,9c306d57a391d92a493f0b9590b5ec0d2af7679ab1dc1116abab6b6253017763,36
V1Ia+V2b,none,LR,phase_delta,51.84760451,12.45547292,109.1116513,9,descriptive design grid within one frozen realization; ranges are not uncertainty intervals,1,conditional on one frozen realization; no sampling inference,2026-08-26T18:12:43.884305+00:00,publication-outputs-1.0.0,0950b556111bec172d56ad34fe3569f251832a44e44c7eb43f636e6af321a5a1,ac36628fef7684bc08672b4c0678d32822a62f1b86b86ed9e5e19afa29f97220,cf2fef52687428f0eab74fc123ceb2a36cb6d0fc70d5442d221c955a4753ae2f,a0b23907336269b78a7cfd2eb7057232c7afcf87129f8a4c9d0f5e93faa0a5ef,d0bde0ec0552c341e5ead1b4598d63352fb999a1674433bd60a7c7c3d3287ac0,9c306d57a391d92a493f0b9590b5ec0d2af7679ab1dc1116abab6b6253017763,36
V1Ia+V2b,none,FE,phase_delta,125.6873942,75.18172738,142.6150217,9,descriptive design grid within one frozen realization; ranges are not uncertainty intervals,1,conditional on one frozen realization; no sampling inference,2026-08-26T18:12:43.884305+00:00,publication-outputs-1.0.0,0950b556111bec172d56ad34fe3569f251832a44e44c7eb43f636e6af321a5a1,ac36628fef7684bc08672b4c0678d32822a62f1b86b86ed9e5e19afa29f97220,cf2fef52687428f0eab74fc123ceb2a36cb6d0fc70d5442d221c955a4753ae2f,a0b23907336269b78a7cfd2eb7057232c7afcf87129f8a4c9d0f5e93faa0a5ef,d0bde0ec0552c341e5ead1b4598d63352fb999a1674433bd60a7c7c3d3287ac0,9c306d57a391d92a493f0b9590b5ec0d2af7679ab1dc1116abab6b6253017763,36
V1Ia+V2b,excitatory,LR,phase_delta,5.195584709,-9.483076934,21.37382138,3,descriptive design grid within one frozen realization; ranges are not uncertainty intervals,1,conditional on one frozen realization; no sampling inference,2026-08-26T18:12:43.884305+00:00,publication-outputs-1.0.0,0950b556111bec172d56ad34fe3569f251832a44e44c7eb43f636e6af321a5a1,ac36628fef7684bc08672b4c0678d32822a62f1b86b86ed9e5e19afa29f97220,cf2fef52687428f0eab74fc123ceb2a36cb6d0fc70d5442d221c955a4753ae2f,a0b23907336269b78a7cfd2eb7057232c7afcf87129f8a4c9d0f5e93faa0a5ef,d0bde0ec0552c341e5ead1b4598d63352fb999a1674433bd60a7c7c3d3287ac0,9c306d57a391d92a493f0b9590b5ec0d2af7679ab1dc1116abab6b6253017763,36
V1Ia+V2b,excitatory,FE,phase_delta,108.5776786,101.9857601,121.5424055,3,descriptive design grid within one frozen realization; ranges are not uncertainty intervals,1,conditional on one frozen realization; no sampling inference,2026-08-26T18:12:43.884305+00:00,publication-outputs-1.0.0,0950b556111bec172d56ad34fe3569f251832a44e44c7eb43f636e6af321a5a1,ac36628fef7684bc08672b4c0678d32822a62f1b86b86ed9e5e19afa29f97220,cf2fef52687428f0eab74fc123ceb2a36cb6d0fc70d5442d221c955a4753ae2f,a0b23907336269b78a7cfd2eb7057232c7afcf87129f8a4c9d0f5e93faa0a5ef,d0bde0ec0552c341e5ead1b4598d63352fb999a1674433bd60a7c7c3d3287ac0,9c306d57a391d92a493f0b9590b5ec0d2af7679ab1dc1116abab6b6253017763,36
V1Ia+V2b,inhibitory,LR,phase_delta,53.30962486,53.11539085,53.96854769,3,descriptive design grid within one frozen realization; ranges are not uncertainty intervals,1,conditional on one frozen realization; no sampling inference,2026-08-26T18:12:43.884305+00:00,publication-outputs-1.0.0,0950b556111bec172d56ad34fe3569f251832a44e44c7eb43f636e6af321a5a1,ac36628fef7684bc08672b4c0678d32822a62f1b86b86ed9e5e19afa29f97220,cf2fef52687428f0eab74fc123ceb2a36cb6d0fc70d5442d221c955a4753ae2f,a0b23907336269b78a7cfd2eb7057232c7afcf87129f8a4c9d0f5e93faa0a5ef,d0bde0ec0552c341e5ead1b4598d63352fb999a1674433bd60a7c7c3d3287ac0,9c306d57a391d92a493f0b9590b5ec0d2af7679ab1dc1116abab6b6253017763,36
V1Ia+V2b,inhibitory,FE,phase_delta,100.1844908,99.99078808,100.8122858,3,descriptive design grid within one frozen realization; ranges are not uncertainty intervals,1,conditional on one frozen realization; no sampling inference,2026-08-26T18:12:43.884305+00:00,publication-outputs-1.0.0,0950b556111bec172d56ad34fe3569f251832a44e44c7eb43f636e6af321a5a1,ac36628fef7684bc08672b4c0678d32822a62f1b86b86ed9e5e19afa29f97220,cf2fef52687428f0eab74fc123ceb2a36cb6d0fc70d5442d221c955a4753ae2f,a0b23907336269b78a7cfd2eb7057232c7afcf87129f8a4c9d0f5e93faa0a5ef,d0bde0ec0552c341e5ead1b4598d63352fb999a1674433bd60a7c7c3d3287ac0,9c306d57a391d92a493f0b9590b5ec0d2af7679ab1dc1116abab6b6253017763,36
V2a+V0V,none,LR,phase_delta,-0.6747481065,-8.571437121,18.93935156,9,descriptive design grid within one frozen realization; ranges are not uncertainty intervals,1,conditional on one frozen realization; no sampling inference,2026-08-26T18:12:43.884305+00:00,publication-outputs-1.0.0,0950b556111bec172d56ad34fe3569f251832a44e44c7eb43f636e6af321a5a1,ac36628fef7684bc08672b4c0678d32822a62f1b86b86ed9e5e19afa29f97220,cf2fef52687428f0eab74fc123ceb2a36cb6d0fc70d5442d221c955a4753ae2f,a0b23907336269b78a7cfd2eb7057232c7afcf87129f8a4c9d0f5e93faa0a5ef,d0bde0ec0552c341e5ead1b4598d63352fb999a1674433bd60a7c7c3d3287ac0,9c306d57a391d92a493f0b9590b5ec0d2af7679ab1dc1116abab6b6253017763,36
V2a+V0V,none,FE,phase_delta,2.99164256,-5.501785833,8.376200714,9,descriptive design grid within one frozen realization; ranges are not uncertainty intervals,1,conditional on one frozen realization; no sampling inference,2026-08-26T18:12:43.884305+00:00,publication-outputs-1.0.0,0950b556111bec172d56ad34fe3569f251832a44e44c7eb43f636e6af321a5a1,ac36628fef7684bc08672b4c0678d32822a62f1b86b86ed9e5e19afa29f97220,cf2fef52687428f0eab74fc123ceb2a36cb6d0fc70d5442d221c955a4753ae2f,a0b23907336269b78a7cfd2eb7057232c7afcf87129f8a4c9d0f5e93faa0a5ef,d0bde0ec0552c341e5ead1b4598d63352fb999a1674433bd60a7c7c3d3287ac0,9c306d57a391d92a493f0b9590b5ec0d2af7679ab1dc1116abab6b6253017763,36
V2a+V0V,excitatory,LR,phase_delta,2.982517061,-19.40107985,34.66602718,9,descriptive design grid within one frozen realization; ranges are not uncertainty intervals,1,conditional on one frozen realization; no sampling inference,2026-08-26T18:12:43.884305+00:00,publication-outputs-1.0.0,0950b556111bec172d56ad34fe3569f251832a44e44c7eb43f636e6af321a5a1,ac36628fef7684bc08672b4c0678d32822a62f1b86b86ed9e5e19afa29f97220,cf2fef52687428f0eab74fc123ceb2a36cb6d0fc70d5442d221c955a4753ae2f,a0b23907336269b78a7cfd2eb7057232c7afcf87129f8a4c9d0f5e93faa0a5ef,d0bde0ec0552c341e5ead1b4598d63352fb999a1674433bd60a7c7c3d3287ac0,9c306d57a391d92a493f0b9590b5ec0d2af7679ab1dc1116abab6b6253017763,36
V2a+V0V,excitatory,FE,phase_delta,1.30389406,-21.82230183,6.687921194,9,descriptive design grid within one frozen realization; ranges are not uncertainty intervals,1,conditional on one frozen realization; no sampling inference,2026-08-26T18:12:43.884305+00:00,publication-outputs-1.0.0,0950b556111bec172d56ad34fe3569f251832a44e44c7eb43f636e6af321a5a1,ac36628fef7684bc08672b4c0678d32822a62f1b86b86ed9e5e19afa29f97220,cf2fef52687428f0eab74fc123ceb2a36cb6d0fc70d5442d221c955a4753ae2f,a0b23907336269b78a7cfd2eb7057232c7afcf87129f8a4c9d0f5e93faa0a5ef,d0bde0ec0552c341e5ead1b4598d63352fb999a1674433bd60a7c7c3d3287ac0,9c306d57a391d92a493f0b9590b5ec0d2af7679ab1dc1116abab6b6253017763,36
V2a+V0V,inhibitory,LR,phase_delta,0.4578119395,-11.80748778,7.377432573,9,descriptive design grid within one frozen realization; ranges are not uncertainty intervals,1,conditional on one frozen realization; no sampling inference,2026-08-26T18:12:43.884305+00:00,publication-outputs-1.0.0,0950b556111bec172d56ad34fe3569f251832a44e44c7eb43f636e6af321a5a1,ac36628fef7684bc08672b4c0678d32822a62f1b86b86ed9e5e19afa29f97220,cf2fef52687428f0eab74fc123ceb2a36cb6d0fc70d5442d221c955a4753ae2f,a0b23907336269b78a7cfd2eb7057232c7afcf87129f8a4c9d0f5e93faa0a5ef,d0bde0ec0552c341e5ead1b4598d63352fb999a1674433bd60a7c7c3d3287ac0,9c306d57a391d92a493f0b9590b5ec0d2af7679ab1dc1116abab6b6253017763,36
V2a+V0V,inhibitory,FE,phase_delta,-0.8249670739,-8.063780148,9.425565912,9,descriptive design grid within one frozen realization; ranges are not uncertainty intervals,1,conditional on one frozen realization; no sampling inference,2026-08-26T18:12:43.884305+00:00,publication-outputs-1.0.0,0950b556111bec172d56ad34fe3569f251832a44e44c7eb43f636e6af321a5a1,ac36628fef7684bc08672b4c0678d32822a62f1b86b86ed9e5e19afa29f97220,cf2fef52687428f0eab74fc123ceb2a36cb6d0fc70d5442d221c955a4753ae2f,a0b23907336269b78a7cfd2eb7057232c7afcf87129f8a4c9d0f5e93faa0a5ef,d0bde0ec0552c341e5ead1b4598d63352fb999a1674433bd60a7c7c3d3287ac0,9c306d57a391d92a493f0b9590b5ec0d2af7679ab1dc1116abab6b6253017763,36
V1Ren+V2b,none,LR,phase_delta,-5.625878726,-12.11702059,-0.8514117036,9,descriptive design grid within one frozen realization; ranges are not uncertainty intervals,1,conditional on one frozen realization; no sampling inference,2026-08-26T18:12:43.884305+00:00,publication-outputs-1.0.0,0950b556111bec172d56ad34fe3569f251832a44e44c7eb43f636e6af321a5a1,ac36628fef7684bc08672b4c0678d32822a62f1b86b86ed9e5e19afa29f97220,cf2fef52687428f0eab74fc123ceb2a36cb6d0fc70d5442d221c955a4753ae2f,a0b23907336269b78a7cfd2eb7057232c7afcf87129f8a4c9d0f5e93faa0a5ef,d0bde0ec0552c341e5ead1b4598d63352fb999a1674433bd60a7c7c3d3287ac0,9c306d57a391d92a493f0b9590b5ec0d2af7679ab1dc1116abab6b6253017763,36
V1Ren+V2b,none,FE,phase_delta,2.659005043,-7.060492042,5.698417491,9,descriptive design grid within one frozen realization; ranges are not uncertainty intervals,1,conditional on one frozen realization; no sampling inference,2026-08-26T18:12:43.884305+00:00,publication-outputs-1.0.0,0950b556111bec172d56ad34fe3569f251832a44e44c7eb43f636e6af321a5a1,ac36628fef7684bc08672b4c0678d32822a62f1b86b86ed9e5e19afa29f97220,cf2fef52687428f0eab74fc123ceb2a36cb6d0fc70d5442d221c955a4753ae2f,a0b23907336269b78a7cfd2eb7057232c7afcf87129f8a4c9d0f5e93faa0a5ef,d0bde0ec0552c341e5ead1b4598d63352fb999a1674433bd60a7c7c3d3287ac0,9c306d57a391d92a493f0b9590b5ec0d2af7679ab1dc1116abab6b6253017763,36
V1Ren+V2b,excitatory,LR,phase_delta,-6.276346632,-36.7118154,9.474821261,9,descriptive design grid within one frozen realization; ranges are not uncertainty intervals,1,conditional on one frozen realization; no sampling inference,2026-08-26T18:12:43.884305+00:00,publication-outputs-1.0.0,0950b556111bec172d56ad34fe3569f251832a44e44c7eb43f636e6af321a5a1,ac36628fef7684bc08672b4c0678d32822a62f1b86b86ed9e5e19afa29f97220,cf2fef52687428f0eab74fc123ceb2a36cb6d0fc70d5442d221c955a4753ae2f,a0b23907336269b78a7cfd2eb7057232c7afcf87129f8a4c9d0f5e93faa0a5ef,d0bde0ec0552c341e5ead1b4598d63352fb999a1674433bd60a7c7c3d3287ac0,9c306d57a391d92a493f0b9590b5ec0d2af7679ab1dc1116abab6b6253017763,36
V1Ren+V2b,excitatory,FE,phase_delta,2.276589186,-24.31517337,13.16749085,9,descriptive design grid within one frozen realization; ranges are not uncertainty intervals,1,conditional on one frozen realization; no sampling inference,2026-08-26T18:12:43.884305+00:00,publication-outputs-1.0.0,0950b556111bec172d56ad34fe3569f251832a44e44c7eb43f636e6af321a5a1,ac36628fef7684bc08672b4c0678d32822a62f1b86b86ed9e5e19afa29f97220,cf2fef52687428f0eab74fc123ceb2a36cb6d0fc70d5442d221c955a4753ae2f,a0b23907336269b78a7cfd2eb7057232c7afcf87129f8a4c9d0f5e93faa0a5ef,d0bde0ec0552c341e5ead1b4598d63352fb999a1674433bd60a7c7c3d3287ac0,9c306d57a391d92a493f0b9590b5ec0d2af7679ab1dc1116abab6b6253017763,36
V1Ren+V2b,inhibitory,LR,phase_delta,-7.560235136,-17.67043212,-2.139419463,9,descriptive design grid within one frozen realization; ranges are not uncertainty intervals,1,conditional on one frozen realization; no sampling inference,2026-08-26T18:12:43.884305+00:00,publication-outputs-1.0.0,0950b556111bec172d56ad34fe3569f251832a44e44c7eb43f636e6af321a5a1,ac36628fef7684bc08672b4c0678d32822a62f1b86b86ed9e5e19afa29f97220,cf2fef52687428f0eab74fc123ceb2a36cb6d0fc70d5442d221c955a4753ae2f,a0b23907336269b78a7cfd2eb7057232c7afcf87129f8a4c9d0f5e93faa0a5ef,d0bde0ec0552c341e5ead1b4598d63352fb999a1674433bd60a7c7c3d3287ac0,9c306d57a391d92a493f0b9590b5ec0d2af7679ab1dc1116abab6b6253017763,36
V1Ren+V2b,inhibitory,FE,phase_delta,0.09309948202,-5.238455096,2.398266495,9,descriptive design grid within one frozen realization; ranges are not uncertainty intervals,1,conditional on one frozen realization; no sampling inference,2026-08-26T18:12:43.884305+00:00,publication-outputs-1.0.0,0950b556111bec172d56ad34fe3569f251832a44e44c7eb43f636e6af321a5a1,ac36628fef7684bc08672b4c0678d32822a62f1b86b86ed9e5e19afa29f97220,cf2fef52687428f0eab74fc123ceb2a36cb6d0fc70d5442d221c955a4753ae2f,a0b23907336269b78a7cfd2eb7057232c7afcf87129f8a4c9d0f5e93faa0a5ef,d0bde0ec0552c341e5ead1b4598d63352fb999a1674433bd60a7c7c3d3287ac0,9c306d57a391d92a493f0b9590b5ec0d2af7679ab1dc1116abab6b6253017763,36
V3+Ia,none,LR,phase_delta,1.397478903,-8.281958844,6.026832504,9,descriptive design grid within one frozen realization; ranges are not uncertainty intervals,1,conditional on one frozen realization; no sampling inference,2026-08-26T18:12:43.884305+00:00,publication-outputs-1.0.0,0950b556111bec172d56ad34fe3569f251832a44e44c7eb43f636e6af321a5a1,ac36628fef7684bc08672b4c0678d32822a62f1b86b86ed9e5e19afa29f97220,cf2fef52687428f0eab74fc123ceb2a36cb6d0fc70d5442d221c955a4753ae2f,a0b23907336269b78a7cfd2eb7057232c7afcf87129f8a4c9d0f5e93faa0a5ef,d0bde0ec0552c341e5ead1b4598d63352fb999a1674433bd60a7c7c3d3287ac0,9c306d57a391d92a493f0b9590b5ec0d2af7679ab1dc1116abab6b6253017763,36
V3+Ia,none,FE,phase_delta,1.064261289,-9.239044577,6.131499437,9,descriptive design grid within one frozen realization; ranges are not uncertainty intervals,1,conditional on one frozen realization; no sampling inference,2026-08-26T18:12:43.884305+00:00,publication-outputs-1.0.0,0950b556111bec172d56ad34fe3569f251832a44e44c7eb43f636e6af321a5a1,ac36628fef7684bc08672b4c0678d32822a62f1b86b86ed9e5e19afa29f97220,cf2fef52687428f0eab74fc123ceb2a36cb6d0fc70d5442d221c955a4753ae2f,a0b23907336269b78a7cfd2eb7057232c7afcf87129f8a4c9d0f5e93faa0a5ef,d0bde0ec0552c341e5ead1b4598d63352fb999a1674433bd60a7c7c3d3287ac0,9c306d57a391d92a493f0b9590b5ec0d2af7679ab1dc1116abab6b6253017763,36
V3+Ia,excitatory,LR,phase_delta,4.259078127,-14.65701434,16.19988397,9,descriptive design grid within one frozen realization; ranges are not uncertainty intervals,1,conditional on one frozen realization; no sampling inference,2026-08-26T18:12:43.884305+00:00,publication-outputs-1.0.0,0950b556111bec172d56ad34fe3569f251832a44e44c7eb43f636e6af321a5a1,ac36628fef7684bc08672b4c0678d32822a62f1b86b86ed9e5e19afa29f97220,cf2fef52687428f0eab74fc123ceb2a36cb6d0fc70d5442d221c955a4753ae2f,a0b23907336269b78a7cfd2eb7057232c7afcf87129f8a4c9d0f5e93faa0a5ef,d0bde0ec0552c341e5ead1b4598d63352fb999a1674433bd60a7c7c3d3287ac0,9c306d57a391d92a493f0b9590b5ec0d2af7679ab1dc1116abab6b6253017763,36
V3+Ia,excitatory,FE,phase_delta,0.0008567152646,-21.13820705,9.727068808,9,descriptive design grid within one frozen realization; ranges are not uncertainty intervals,1,conditional on one frozen realization; no sampling inference,2026-08-26T18:12:43.884305+00:00,publication-outputs-1.0.0,0950b556111bec172d56ad34fe3569f251832a44e44c7eb43f636e6af321a5a1,ac36628fef7684bc08672b4c0678d32822a62f1b86b86ed9e5e19afa29f97220,cf2fef52687428f0eab74fc123ceb2a36cb6d0fc70d5442d221c955a4753ae2f,a0b23907336269b78a7cfd2eb7057232c7afcf87129f8a4c9d0f5e93faa0a5ef,d0bde0ec0552c341e5ead1b4598d63352fb999a1674433bd60a7c7c3d3287ac0,9c306d57a391d92a493f0b9590b5ec0d2af7679ab1dc1116abab6b6253017763,36
V3+Ia,inhibitory,LR,phase_delta,-2.272429462,-8.57441606,6.49675871,9,descriptive design grid within one frozen realization; ranges are not uncertainty intervals,1,conditional on one frozen realization; no sampling inference,2026-08-26T18:12:43.884305+00:00,publication-outputs-1.0.0,0950b556111bec172d56ad34fe3569f251832a44e44c7eb43f636e6af321a5a1,ac36628fef7684bc08672b4c0678d32822a62f1b86b86ed9e5e19afa29f97220,cf2fef52687428f0eab74fc123ceb2a36cb6d0fc70d5442d221c955a4753ae2f,a0b23907336269b78a7cfd2eb7057232c7afcf87129f8a4c9d0f5e93faa0a5ef,d0bde0ec0552c341e5ead1b4598d63352fb999a1674433bd60a7c7c3d3287ac0,9c306d57a391d92a493f0b9590b5ec0d2af7679ab1dc1116abab6b6253017763,36
V3+Ia,inhibitory,FE,phase_delta,-1.276514187,-1.939194883,8.351643105,9,descriptive design grid within one frozen realization; ranges are not uncertainty intervals,1,conditional on one frozen realization; no sampling inference,2026-08-26T18:12:43.884305+00:00,publication-outputs-1.0.0,0950b556111bec172d56ad34fe3569f251832a44e44c7eb43f636e6af321a5a1,ac36628fef7684bc08672b4c0678d32822a62f1b86b86ed9e5e19afa29f97220,cf2fef52687428f0eab74fc123ceb2a36cb6d0fc70d5442d221c955a4753ae2f,a0b23907336269b78a7cfd2eb7057232c7afcf87129f8a4c9d0f5e93faa0a5ef,d0bde0ec0552c341e5ead1b4598d63352fb999a1674433bd60a7c7c3d3287ac0,9c306d57a391d92a493f0b9590b5ec0d2af7679ab1dc1116abab6b6253017763,36
V3+Ib,none,LR,phase_delta,-0.9282255796,-10.4449333,19.19834693,9,descriptive design grid within one frozen realization; ranges are not uncertainty intervals,1,conditional on one frozen realization; no sampling inference,2026-08-26T18:12:43.884305+00:00,publication-outputs-1.0.0,0950b556111bec172d56ad34fe3569f251832a44e44c7eb43f636e6af321a5a1,ac36628fef7684bc08672b4c0678d32822a62f1b86b86ed9e5e19afa29f97220,cf2fef52687428f0eab74fc123ceb2a36cb6d0fc70d5442d221c955a4753ae2f,a0b23907336269b78a7cfd2eb7057232c7afcf87129f8a4c9d0f5e93faa0a5ef,d0bde0ec0552c341e5ead1b4598d63352fb999a1674433bd60a7c7c3d3287ac0,9c306d57a391d92a493f0b9590b5ec0d2af7679ab1dc1116abab6b6253017763,36
V3+Ib,none,FE,phase_delta,-0.001405094454,-4.787276975,20.12357876,9,descriptive design grid within one frozen realization; ranges are not uncertainty intervals,1,conditional on one frozen realization; no sampling inference,2026-08-26T18:12:43.884305+00:00,publication-outputs-1.0.0,0950b556111bec172d56ad34fe3569f251832a44e44c7eb43f636e6af321a5a1,ac36628fef7684bc08672b4c0678d32822a62f1b86b86ed9e5e19afa29f97220,cf2fef52687428f0eab74fc123ceb2a36cb6d0fc70d5442d221c955a4753ae2f,a0b23907336269b78a7cfd2eb7057232c7afcf87129f8a4c9d0f5e93faa0a5ef,d0bde0ec0552c341e5ead1b4598d63352fb999a1674433bd60a7c7c3d3287ac0,9c306d57a391d92a493f0b9590b5ec0d2af7679ab1dc1116abab6b6253017763,36
V3+Ib,excitatory,LR,phase_delta,-7.829442798,-30.08297696,7.65139117,9,descriptive design grid within one frozen realization; ranges are not uncertainty intervals,1,conditional on one frozen realization; no sampling inference,2026-08-26T18:12:43.884305+00:00,publication-outputs-1.0.0,0950b556111bec172d56ad34fe3569f251832a44e44c7eb43f636e6af321a5a1,ac36628fef7684bc08672b4c0678d32822a62f1b86b86ed9e5e19afa29f97220,cf2fef52687428f0eab74fc123ceb2a36cb6d0fc70d5442d221c955a4753ae2f,a0b23907336269b78a7cfd2eb7057232c7afcf87129f8a4c9d0f5e93faa0a5ef,d0bde0ec0552c341e5ead1b4598d63352fb999a1674433bd60a7c7c3d3287ac0,9c306d57a391d92a493f0b9590b5ec0d2af7679ab1dc1116abab6b6253017763,36
V3+Ib,excitatory,FE,phase_delta,-5.742724921,-25.26839336,-0.4184585198,9,descriptive design grid within one frozen realization; ranges are not uncertainty intervals,1,conditional on one frozen realization; no sampling inference,2026-08-26T18:12:43.884305+00:00,publication-outputs-1.0.0,0950b556111bec172d56ad34fe3569f251832a44e44c7eb43f636e6af321a5a1,ac36628fef7684bc08672b4c0678d32822a62f1b86b86ed9e5e19afa29f97220,cf2fef52687428f0eab74fc123ceb2a36cb6d0fc70d5442d221c955a4753ae2f,a0b23907336269b78a7cfd2eb7057232c7afcf87129f8a4c9d0f5e93faa0a5ef,d0bde0ec0552c341e5ead1b4598d63352fb999a1674433bd60a7c7c3d3287ac0,9c306d57a391d92a493f0b9590b5ec0d2af7679ab1dc1116abab6b6253017763,36
V3+Ib,inhibitory,LR,phase_delta,0.1156983911,-13.70944201,3.409300131,9,descriptive design grid within one frozen realization; ranges are not uncertainty intervals,1,conditional on one frozen realization; no sampling inference,2026-08-26T18:12:43.884305+00:00,publication-outputs-1.0.0,0950b556111bec172d56ad34fe3569f251832a44e44c7eb43f636e6af321a5a1,ac36628fef7684bc08672b4c0678d32822a62f1b86b86ed9e5e19afa29f97220,cf2fef52687428f0eab74fc123ceb2a36cb6d0fc70d5442d221c955a4753ae2f,a0b23907336269b78a7cfd2eb7057232c7afcf87129f8a4c9d0f5e93faa0a5ef,d0bde0ec0552c341e5ead1b4598d63352fb999a1674433bd60a7c7c3d3287ac0,9c306d57a391d92a493f0b9590b5ec0d2af7679ab1dc1116abab6b6253017763,36
V3+Ib,inhibitory,FE,phase_delta,-1.160788656,-7.849039876,7.174598162,9,descriptive design grid within one frozen realization; ranges are not uncertainty intervals,1,conditional on one frozen realization; no sampling inference,2026-08-26T18:12:43.884305+00:00,publication-outputs-1.0.0,0950b556111bec172d56ad34fe3569f251832a44e44c7eb43f636e6af321a5a1,ac36628fef7684bc08672b4c0678d32822a62f1b86b86ed9e5e19afa29f97220,cf2fef52687428f0eab74fc123ceb2a36cb6d0fc70d5442d221c955a4753ae2f,a0b23907336269b78a7cfd2eb7057232c7afcf87129f8a4c9d0f5e93faa0a5ef,d0bde0ec0552c341e5ead1b4598d63352fb999a1674433bd60a7c7c3d3287ac0,9c306d57a391d92a493f0b9590b5ec0d2af7679ab1dc1116abab6b6253017763,36
