active_task_id,sham_reference_task_id,speed,load,pulse,lr_phase_complete_pair,lr_phase_delta_deg,aggregation_basis,independent_stochastic_realization_count,inferential_scope,generated_at_utc,publication_script_version,publication_script_sha256,protocol_spec_sha256,locked_protocol_sha256,source_a_to_d_script_sha256,source_e_f_script_sha256,source_g_h_script_sha256,output_row_count
A-636e64391d8f4614,A-f5f7fbbaaab5bb98,low,normal,excitatory,1,1.604939003,descriptive design grid within one frozen realization; ranges are not uncertainty intervals,1,conditional on one frozen realization; no sampling inference,2026-08-26T18:12:43.884305+00:00,publication-outputs-1.0.0,0950b556111bec172d56ad34fe3569f251832a44e44c7eb43f636e6af321a5a1,ac36628fef7684bc08672b4c0678d32822a62f1b86b86ed9e5e19afa29f97220,cf2fef52687428f0eab74fc123ceb2a36cb6d0fc70d5442d221c955a4753ae2f,a0b23907336269b78a7cfd2eb7057232c7afcf87129f8a4c9d0f5e93faa0a5ef,d0bde0ec0552c341e5ead1b4598d63352fb999a1674433bd60a7c7c3d3287ac0,9c306d57a391d92a493f0b9590b5ec0d2af7679ab1dc1116abab6b6253017763,18
A-8ca6e24b08039925,A-b2dc7760b63302a0,low,unilateral,excitatory,1,3.841794463,descriptive design grid within one frozen realization; ranges are not uncertainty intervals,1,conditional on one frozen realization; no sampling inference,2026-08-26T18:12:43.884305+00:00,publication-outputs-1.0.0,0950b556111bec172d56ad34fe3569f251832a44e44c7eb43f636e6af321a5a1,ac36628fef7684bc08672b4c0678d32822a62f1b86b86ed9e5e19afa29f97220,cf2fef52687428f0eab74fc123ceb2a36cb6d0fc70d5442d221c955a4753ae2f,a0b23907336269b78a7cfd2eb7057232c7afcf87129f8a4c9d0f5e93faa0a5ef,d0bde0ec0552c341e5ead1b4598d63352fb999a1674433bd60a7c7c3d3287ac0,9c306d57a391d92a493f0b9590b5ec0d2af7679ab1dc1116abab6b6253017763,18
A-a2411942f92b6d13,A-c7da983253c29731,low,bilateral_high,excitatory,1,7.553460766,descriptive design grid within one frozen realization; ranges are not uncertainty intervals,1,conditional on one frozen realization; no sampling inference,2026-08-26T18:12:43.884305+00:00,publication-outputs-1.0.0,0950b556111bec172d56ad34fe3569f251832a44e44c7eb43f636e6af321a5a1,ac36628fef7684bc08672b4c0678d32822a62f1b86b86ed9e5e19afa29f97220,cf2fef52687428f0eab74fc123ceb2a36cb6d0fc70d5442d221c955a4753ae2f,a0b23907336269b78a7cfd2eb7057232c7afcf87129f8a4c9d0f5e93faa0a5ef,d0bde0ec0552c341e5ead1b4598d63352fb999a1674433bd60a7c7c3d3287ac0,9c306d57a391d92a493f0b9590b5ec0d2af7679ab1dc1116abab6b6253017763,18
A-34afcd268312e5cf,A-f5146e744f6d7fbb,medium,normal,excitatory,1,11.4674816,descriptive design grid within one frozen realization; ranges are not uncertainty intervals,1,conditional on one frozen realization; no sampling inference,2026-08-26T18:12:43.884305+00:00,publication-outputs-1.0.0,0950b556111bec172d56ad34fe3569f251832a44e44c7eb43f636e6af321a5a1,ac36628fef7684bc08672b4c0678d32822a62f1b86b86ed9e5e19afa29f97220,cf2fef52687428f0eab74fc123ceb2a36cb6d0fc70d5442d221c955a4753ae2f,a0b23907336269b78a7cfd2eb7057232c7afcf87129f8a4c9d0f5e93faa0a5ef,d0bde0ec0552c341e5ead1b4598d63352fb999a1674433bd60a7c7c3d3287ac0,9c306d57a391d92a493f0b9590b5ec0d2af7679ab1dc1116abab6b6253017763,18
A-cee43df547b62439,A-b9d5a53697c4c37f,medium,unilateral,excitatory,1,24.04112127,descriptive design grid within one frozen realization; ranges are not uncertainty intervals,1,conditional on one frozen realization; no sampling inference,2026-08-26T18:12:43.884305+00:00,publication-outputs-1.0.0,0950b556111bec172d56ad34fe3569f251832a44e44c7eb43f636e6af321a5a1,ac36628fef7684bc08672b4c0678d32822a62f1b86b86ed9e5e19afa29f97220,cf2fef52687428f0eab74fc123ceb2a36cb6d0fc70d5442d221c955a4753ae2f,a0b23907336269b78a7cfd2eb7057232c7afcf87129f8a4c9d0f5e93faa0a5ef,d0bde0ec0552c341e5ead1b4598d63352fb999a1674433bd60a7c7c3d3287ac0,9c306d57a391d92a493f0b9590b5ec0d2af7679ab1dc1116abab6b6253017763,18
A-e9ba171a16f47e89,A-c6a981c64ddd4be1,medium,bilateral_high,excitatory,1,41.52241909,descriptive design grid within one frozen realization; ranges are not uncertainty intervals,1,conditional on one frozen realization; no sampling inference,2026-08-26T18:12:43.884305+00:00,publication-outputs-1.0.0,0950b556111bec172d56ad34fe3569f251832a44e44c7eb43f636e6af321a5a1,ac36628fef7684bc08672b4c0678d32822a62f1b86b86ed9e5e19afa29f97220,cf2fef52687428f0eab74fc123ceb2a36cb6d0fc70d5442d221c955a4753ae2f,a0b23907336269b78a7cfd2eb7057232c7afcf87129f8a4c9d0f5e93faa0a5ef,d0bde0ec0552c341e5ead1b4598d63352fb999a1674433bd60a7c7c3d3287ac0,9c306d57a391d92a493f0b9590b5ec0d2af7679ab1dc1116abab6b6253017763,18
A-2ec4801446f83724,A-8dba2e73c60413b7,high,normal,excitatory,1,-7.96797896,descriptive design grid within one frozen realization; ranges are not uncertainty intervals,1,conditional on one frozen realization; no sampling inference,2026-08-26T18:12:43.884305+00:00,publication-outputs-1.0.0,0950b556111bec172d56ad34fe3569f251832a44e44c7eb43f636e6af321a5a1,ac36628fef7684bc08672b4c0678d32822a62f1b86b86ed9e5e19afa29f97220,cf2fef52687428f0eab74fc123ceb2a36cb6d0fc70d5442d221c955a4753ae2f,a0b23907336269b78a7cfd2eb7057232c7afcf87129f8a4c9d0f5e93faa0a5ef,d0bde0ec0552c341e5ead1b4598d63352fb999a1674433bd60a7c7c3d3287ac0,9c306d57a391d92a493f0b9590b5ec0d2af7679ab1dc1116abab6b6253017763,18
A-3e967ef0416dc7f6,A-667b4547b72edbf0,high,unilateral,excitatory,1,25.36534898,descriptive design grid within one frozen realization; ranges are not uncertainty intervals,1,conditional on one frozen realization; no sampling inference,2026-08-26T18:12:43.884305+00:00,publication-outputs-1.0.0,0950b556111bec172d56ad34fe3569f251832a44e44c7eb43f636e6af321a5a1,ac36628fef7684bc08672b4c0678d32822a62f1b86b86ed9e5e19afa29f97220,cf2fef52687428f0eab74fc123ceb2a36cb6d0fc70d5442d221c955a4753ae2f,a0b23907336269b78a7cfd2eb7057232c7afcf87129f8a4c9d0f5e93faa0a5ef,d0bde0ec0552c341e5ead1b4598d63352fb999a1674433bd60a7c7c3d3287ac0,9c306d57a391d92a493f0b9590b5ec0d2af7679ab1dc1116abab6b6253017763,18
A-b092b79d35a40745,A-0c7c92807db800a8,high,bilateral_high,excitatory,1,27.0577207,descriptive design grid within one frozen realization; ranges are not uncertainty intervals,1,conditional on one frozen realization; no sampling inference,2026-08-26T18:12:43.884305+00:00,publication-outputs-1.0.0,0950b556111bec172d56ad34fe3569f251832a44e44c7eb43f636e6af321a5a1,ac36628fef7684bc08672b4c0678d32822a62f1b86b86ed9e5e19afa29f97220,cf2fef52687428f0eab74fc123ceb2a36cb6d0fc70d5442d221c955a4753ae2f,a0b23907336269b78a7cfd2eb7057232c7afcf87129f8a4c9d0f5e93faa0a5ef,d0bde0ec0552c341e5ead1b4598d63352fb999a1674433bd60a7c7c3d3287ac0,9c306d57a391d92a493f0b9590b5ec0d2af7679ab1dc1116abab6b6253017763,18
A-0f4212e8f6232e2e,A-f5f7fbbaaab5bb98,low,normal,inhibitory,1,-0.7385503504,descriptive design grid within one frozen realization; ranges are not uncertainty intervals,1,conditional on one frozen realization; no sampling inference,2026-08-26T18:12:43.884305+00:00,publication-outputs-1.0.0,0950b556111bec172d56ad34fe3569f251832a44e44c7eb43f636e6af321a5a1,ac36628fef7684bc08672b4c0678d32822a62f1b86b86ed9e5e19afa29f97220,cf2fef52687428f0eab74fc123ceb2a36cb6d0fc70d5442d221c955a4753ae2f,a0b23907336269b78a7cfd2eb7057232c7afcf87129f8a4c9d0f5e93faa0a5ef,d0bde0ec0552c341e5ead1b4598d63352fb999a1674433bd60a7c7c3d3287ac0,9c306d57a391d92a493f0b9590b5ec0d2af7679ab1dc1116abab6b6253017763,18
A-e0315556196104ae,A-b2dc7760b63302a0,low,unilateral,inhibitory,1,0.5184633071,descriptive design grid within one frozen realization; ranges are not uncertainty intervals,1,conditional on one frozen realization; no sampling inference,2026-08-26T18:12:43.884305+00:00,publication-outputs-1.0.0,0950b556111bec172d56ad34fe3569f251832a44e44c7eb43f636e6af321a5a1,ac36628fef7684bc08672b4c0678d32822a62f1b86b86ed9e5e19afa29f97220,cf2fef52687428f0eab74fc123ceb2a36cb6d0fc70d5442d221c955a4753ae2f,a0b23907336269b78a7cfd2eb7057232c7afcf87129f8a4c9d0f5e93faa0a5ef,d0bde0ec0552c341e5ead1b4598d63352fb999a1674433bd60a7c7c3d3287ac0,9c306d57a391d92a493f0b9590b5ec0d2af7679ab1dc1116abab6b6253017763,18
A-8243c709e5912151,A-c7da983253c29731,low,bilateral_high,inhibitory,1,2.337794534,descriptive design grid within one frozen realization; ranges are not uncertainty intervals,1,conditional on one frozen realization; no sampling inference,2026-08-26T18:12:43.884305+00:00,publication-outputs-1.0.0,0950b556111bec172d56ad34fe3569f251832a44e44c7eb43f636e6af321a5a1,ac36628fef7684bc08672b4c0678d32822a62f1b86b86ed9e5e19afa29f97220,cf2fef52687428f0eab74fc123ceb2a36cb6d0fc70d5442d221c955a4753ae2f,a0b23907336269b78a7cfd2eb7057232c7afcf87129f8a4c9d0f5e93faa0a5ef,d0bde0ec0552c341e5ead1b4598d63352fb999a1674433bd60a7c7c3d3287ac0,9c306d57a391d92a493f0b9590b5ec0d2af7679ab1dc1116abab6b6253017763,18
A-ff11d667ff896e3f,A-f5146e744f6d7fbb,medium,normal,inhibitory,1,-1.001014363,descriptive design grid within one frozen realization; ranges are not uncertainty intervals,1,conditional on one frozen realization; no sampling inference,2026-08-26T18:12:43.884305+00:00,publication-outputs-1.0.0,0950b556111bec172d56ad34fe3569f251832a44e44c7eb43f636e6af321a5a1,ac36628fef7684bc08672b4c0678d32822a62f1b86b86ed9e5e19afa29f97220,cf2fef52687428f0eab74fc123ceb2a36cb6d0fc70d5442d221c955a4753ae2f,a0b23907336269b78a7cfd2eb7057232c7afcf87129f8a4c9d0f5e93faa0a5ef,d0bde0ec0552c341e5ead1b4598d63352fb999a1674433bd60a7c7c3d3287ac0,9c306d57a391d92a493f0b9590b5ec0d2af7679ab1dc1116abab6b6253017763,18
A-982c739e5d6c2e24,A-b9d5a53697c4c37f,medium,unilateral,inhibitory,1,-3.752454522,descriptive design grid within one frozen realization; ranges are not uncertainty intervals,1,conditional on one frozen realization; no sampling inference,2026-08-26T18:12:43.884305+00:00,publication-outputs-1.0.0,0950b556111bec172d56ad34fe3569f251832a44e44c7eb43f636e6af321a5a1,ac36628fef7684bc08672b4c0678d32822a62f1b86b86ed9e5e19afa29f97220,cf2fef52687428f0eab74fc123ceb2a36cb6d0fc70d5442d221c955a4753ae2f,a0b23907336269b78a7cfd2eb7057232c7afcf87129f8a4c9d0f5e93faa0a5ef,d0bde0ec0552c341e5ead1b4598d63352fb999a1674433bd60a7c7c3d3287ac0,9c306d57a391d92a493f0b9590b5ec0d2af7679ab1dc1116abab6b6253017763,18
A-f11bdf00b0a9a947,A-c6a981c64ddd4be1,medium,bilateral_high,inhibitory,1,-1.144052348,descriptive design grid within one frozen realization; ranges are not uncertainty intervals,1,conditional on one frozen realization; no sampling inference,2026-08-26T18:12:43.884305+00:00,publication-outputs-1.0.0,0950b556111bec172d56ad34fe3569f251832a44e44c7eb43f636e6af321a5a1,ac36628fef7684bc08672b4c0678d32822a62f1b86b86ed9e5e19afa29f97220,cf2fef52687428f0eab74fc123ceb2a36cb6d0fc70d5442d221c955a4753ae2f,a0b23907336269b78a7cfd2eb7057232c7afcf87129f8a4c9d0f5e93faa0a5ef,d0bde0ec0552c341e5ead1b4598d63352fb999a1674433bd60a7c7c3d3287ac0,9c306d57a391d92a493f0b9590b5ec0d2af7679ab1dc1116abab6b6253017763,18
A-a2233f553e5a27f9,A-8dba2e73c60413b7,high,normal,inhibitory,1,-11.19481066,descriptive design grid within one frozen realization; ranges are not uncertainty intervals,1,conditional on one frozen realization; no sampling inference,2026-08-26T18:12:43.884305+00:00,publication-outputs-1.0.0,0950b556111bec172d56ad34fe3569f251832a44e44c7eb43f636e6af321a5a1,ac36628fef7684bc08672b4c0678d32822a62f1b86b86ed9e5e19afa29f97220,cf2fef52687428f0eab74fc123ceb2a36cb6d0fc70d5442d221c955a4753ae2f,a0b23907336269b78a7cfd2eb7057232c7afcf87129f8a4c9d0f5e93faa0a5ef,d0bde0ec0552c341e5ead1b4598d63352fb999a1674433bd60a7c7c3d3287ac0,9c306d57a391d92a493f0b9590b5ec0d2af7679ab1dc1116abab6b6253017763,18
A-340f4e3dca50344f,A-667b4547b72edbf0,high,unilateral,inhibitory,1,-0.5012573546,descriptive design grid within one frozen realization; ranges are not uncertainty intervals,1,conditional on one frozen realization; no sampling inference,2026-08-26T18:12:43.884305+00:00,publication-outputs-1.0.0,0950b556111bec172d56ad34fe3569f251832a44e44c7eb43f636e6af321a5a1,ac36628fef7684bc08672b4c0678d32822a62f1b86b86ed9e5e19afa29f97220,cf2fef52687428f0eab74fc123ceb2a36cb6d0fc70d5442d221c955a4753ae2f,a0b23907336269b78a7cfd2eb7057232c7afcf87129f8a4c9d0f5e93faa0a5ef,d0bde0ec0552c341e5ead1b4598d63352fb999a1674433bd60a7c7c3d3287ac0,9c306d57a391d92a493f0b9590b5ec0d2af7679ab1dc1116abab6b6253017763,18
A-b70b508850ae8033,A-0c7c92807db800a8,high,bilateral_high,inhibitory,1,15.68810426,descriptive design grid within one frozen realization; ranges are not uncertainty intervals,1,conditional on one frozen realization; no sampling inference,2026-08-26T18:12:43.884305+00:00,publication-outputs-1.0.0,0950b556111bec172d56ad34fe3569f251832a44e44c7eb43f636e6af321a5a1,ac36628fef7684bc08672b4c0678d32822a62f1b86b86ed9e5e19afa29f97220,cf2fef52687428f0eab74fc123ceb2a36cb6d0fc70d5442d221c955a4753ae2f,a0b23907336269b78a7cfd2eb7057232c7afcf87129f8a4c9d0f5e93faa0a5ef,d0bde0ec0552c341e5ead1b4598d63352fb999a1674433bd60a7c7c3d3287ac0,9c306d57a391d92a493f0b9590b5ec0d2af7679ab1dc1116abab6b6253017763,18
