fast_mode,mt_comparator,pulse,phase_axis,dynamic_minus_comparator_deg,complete_pair,failure_transition,aggregation_basis,independent_stochastic_realization_count,inferential_scope,generated_at_utc,publication_script_version,publication_script_sha256,protocol_spec_sha256,locked_protocol_sha256,source_a_to_d_script_sha256,source_e_f_script_sha256,source_g_h_script_sha256,output_row_count
dynamic,static_matched,none,LR,-0.04465388322,1,rhythmic_to_rhythmic,descriptive design grid within one frozen realization; ranges are not uncertainty intervals,1,conditional on one frozen realization; no sampling inference,2026-08-26T18:12:43.884305+00:00,publication-outputs-1.0.0,0950b556111bec172d56ad34fe3569f251832a44e44c7eb43f636e6af321a5a1,ac36628fef7684bc08672b4c0678d32822a62f1b86b86ed9e5e19afa29f97220,cf2fef52687428f0eab74fc123ceb2a36cb6d0fc70d5442d221c955a4753ae2f,a0b23907336269b78a7cfd2eb7057232c7afcf87129f8a4c9d0f5e93faa0a5ef,d0bde0ec0552c341e5ead1b4598d63352fb999a1674433bd60a7c7c3d3287ac0,9c306d57a391d92a493f0b9590b5ec0d2af7679ab1dc1116abab6b6253017763,72
dynamic,static_matched,none,FE,0.6997909764,1,rhythmic_to_rhythmic,descriptive design grid within one frozen realization; ranges are not uncertainty intervals,1,conditional on one frozen realization; no sampling inference,2026-08-26T18:12:43.884305+00:00,publication-outputs-1.0.0,0950b556111bec172d56ad34fe3569f251832a44e44c7eb43f636e6af321a5a1,ac36628fef7684bc08672b4c0678d32822a62f1b86b86ed9e5e19afa29f97220,cf2fef52687428f0eab74fc123ceb2a36cb6d0fc70d5442d221c955a4753ae2f,a0b23907336269b78a7cfd2eb7057232c7afcf87129f8a4c9d0f5e93faa0a5ef,d0bde0ec0552c341e5ead1b4598d63352fb999a1674433bd60a7c7c3d3287ac0,9c306d57a391d92a493f0b9590b5ec0d2af7679ab1dc1116abab6b6253017763,72
dynamic,static_matched,excitatory,LR,-2.57043257,1,rhythmic_to_rhythmic,descriptive design grid within one frozen realization; ranges are not uncertainty intervals,1,conditional on one frozen realization; no sampling inference,2026-08-26T18:12:43.884305+00:00,publication-outputs-1.0.0,0950b556111bec172d56ad34fe3569f251832a44e44c7eb43f636e6af321a5a1,ac36628fef7684bc08672b4c0678d32822a62f1b86b86ed9e5e19afa29f97220,cf2fef52687428f0eab74fc123ceb2a36cb6d0fc70d5442d221c955a4753ae2f,a0b23907336269b78a7cfd2eb7057232c7afcf87129f8a4c9d0f5e93faa0a5ef,d0bde0ec0552c341e5ead1b4598d63352fb999a1674433bd60a7c7c3d3287ac0,9c306d57a391d92a493f0b9590b5ec0d2af7679ab1dc1116abab6b6253017763,72
dynamic,static_matched,excitatory,FE,-2.592290075,1,rhythmic_to_rhythmic,descriptive design grid within one frozen realization; ranges are not uncertainty intervals,1,conditional on one frozen realization; no sampling inference,2026-08-26T18:12:43.884305+00:00,publication-outputs-1.0.0,0950b556111bec172d56ad34fe3569f251832a44e44c7eb43f636e6af321a5a1,ac36628fef7684bc08672b4c0678d32822a62f1b86b86ed9e5e19afa29f97220,cf2fef52687428f0eab74fc123ceb2a36cb6d0fc70d5442d221c955a4753ae2f,a0b23907336269b78a7cfd2eb7057232c7afcf87129f8a4c9d0f5e93faa0a5ef,d0bde0ec0552c341e5ead1b4598d63352fb999a1674433bd60a7c7c3d3287ac0,9c306d57a391d92a493f0b9590b5ec0d2af7679ab1dc1116abab6b6253017763,72
dynamic,static_matched,inhibitory,LR,2.431900582,1,rhythmic_to_rhythmic,descriptive design grid within one frozen realization; ranges are not uncertainty intervals,1,conditional on one frozen realization; no sampling inference,2026-08-26T18:12:43.884305+00:00,publication-outputs-1.0.0,0950b556111bec172d56ad34fe3569f251832a44e44c7eb43f636e6af321a5a1,ac36628fef7684bc08672b4c0678d32822a62f1b86b86ed9e5e19afa29f97220,cf2fef52687428f0eab74fc123ceb2a36cb6d0fc70d5442d221c955a4753ae2f,a0b23907336269b78a7cfd2eb7057232c7afcf87129f8a4c9d0f5e93faa0a5ef,d0bde0ec0552c341e5ead1b4598d63352fb999a1674433bd60a7c7c3d3287ac0,9c306d57a391d92a493f0b9590b5ec0d2af7679ab1dc1116abab6b6253017763,72
dynamic,static_matched,inhibitory,FE,0.07477893155,1,rhythmic_to_rhythmic,descriptive design grid within one frozen realization; ranges are not uncertainty intervals,1,conditional on one frozen realization; no sampling inference,2026-08-26T18:12:43.884305+00:00,publication-outputs-1.0.0,0950b556111bec172d56ad34fe3569f251832a44e44c7eb43f636e6af321a5a1,ac36628fef7684bc08672b4c0678d32822a62f1b86b86ed9e5e19afa29f97220,cf2fef52687428f0eab74fc123ceb2a36cb6d0fc70d5442d221c955a4753ae2f,a0b23907336269b78a7cfd2eb7057232c7afcf87129f8a4c9d0f5e93faa0a5ef,d0bde0ec0552c341e5ead1b4598d63352fb999a1674433bd60a7c7c3d3287ac0,9c306d57a391d92a493f0b9590b5ec0d2af7679ab1dc1116abab6b6253017763,72
dynamic,time_yoked,none,LR,-1.94304486,1,rhythmic_to_rhythmic,descriptive design grid within one frozen realization; ranges are not uncertainty intervals,1,conditional on one frozen realization; no sampling inference,2026-08-26T18:12:43.884305+00:00,publication-outputs-1.0.0,0950b556111bec172d56ad34fe3569f251832a44e44c7eb43f636e6af321a5a1,ac36628fef7684bc08672b4c0678d32822a62f1b86b86ed9e5e19afa29f97220,cf2fef52687428f0eab74fc123ceb2a36cb6d0fc70d5442d221c955a4753ae2f,a0b23907336269b78a7cfd2eb7057232c7afcf87129f8a4c9d0f5e93faa0a5ef,d0bde0ec0552c341e5ead1b4598d63352fb999a1674433bd60a7c7c3d3287ac0,9c306d57a391d92a493f0b9590b5ec0d2af7679ab1dc1116abab6b6253017763,72
dynamic,time_yoked,none,FE,0.2801049649,1,rhythmic_to_rhythmic,descriptive design grid within one frozen realization; ranges are not uncertainty intervals,1,conditional on one frozen realization; no sampling inference,2026-08-26T18:12:43.884305+00:00,publication-outputs-1.0.0,0950b556111bec172d56ad34fe3569f251832a44e44c7eb43f636e6af321a5a1,ac36628fef7684bc08672b4c0678d32822a62f1b86b86ed9e5e19afa29f97220,cf2fef52687428f0eab74fc123ceb2a36cb6d0fc70d5442d221c955a4753ae2f,a0b23907336269b78a7cfd2eb7057232c7afcf87129f8a4c9d0f5e93faa0a5ef,d0bde0ec0552c341e5ead1b4598d63352fb999a1674433bd60a7c7c3d3287ac0,9c306d57a391d92a493f0b9590b5ec0d2af7679ab1dc1116abab6b6253017763,72
dynamic,time_yoked,excitatory,LR,-1.348691986,1,rhythmic_to_rhythmic,descriptive design grid within one frozen realization; ranges are not uncertainty intervals,1,conditional on one frozen realization; no sampling inference,2026-08-26T18:12:43.884305+00:00,publication-outputs-1.0.0,0950b556111bec172d56ad34fe3569f251832a44e44c7eb43f636e6af321a5a1,ac36628fef7684bc08672b4c0678d32822a62f1b86b86ed9e5e19afa29f97220,cf2fef52687428f0eab74fc123ceb2a36cb6d0fc70d5442d221c955a4753ae2f,a0b23907336269b78a7cfd2eb7057232c7afcf87129f8a4c9d0f5e93faa0a5ef,d0bde0ec0552c341e5ead1b4598d63352fb999a1674433bd60a7c7c3d3287ac0,9c306d57a391d92a493f0b9590b5ec0d2af7679ab1dc1116abab6b6253017763,72
dynamic,time_yoked,excitatory,FE,-0.09420892399,1,rhythmic_to_rhythmic,descriptive design grid within one frozen realization; ranges are not uncertainty intervals,1,conditional on one frozen realization; no sampling inference,2026-08-26T18:12:43.884305+00:00,publication-outputs-1.0.0,0950b556111bec172d56ad34fe3569f251832a44e44c7eb43f636e6af321a5a1,ac36628fef7684bc08672b4c0678d32822a62f1b86b86ed9e5e19afa29f97220,cf2fef52687428f0eab74fc123ceb2a36cb6d0fc70d5442d221c955a4753ae2f,a0b23907336269b78a7cfd2eb7057232c7afcf87129f8a4c9d0f5e93faa0a5ef,d0bde0ec0552c341e5ead1b4598d63352fb999a1674433bd60a7c7c3d3287ac0,9c306d57a391d92a493f0b9590b5ec0d2af7679ab1dc1116abab6b6253017763,72
dynamic,time_yoked,inhibitory,LR,1.793520292,1,rhythmic_to_rhythmic,descriptive design grid within one frozen realization; ranges are not uncertainty intervals,1,conditional on one frozen realization; no sampling inference,2026-08-26T18:12:43.884305+00:00,publication-outputs-1.0.0,0950b556111bec172d56ad34fe3569f251832a44e44c7eb43f636e6af321a5a1,ac36628fef7684bc08672b4c0678d32822a62f1b86b86ed9e5e19afa29f97220,cf2fef52687428f0eab74fc123ceb2a36cb6d0fc70d5442d221c955a4753ae2f,a0b23907336269b78a7cfd2eb7057232c7afcf87129f8a4c9d0f5e93faa0a5ef,d0bde0ec0552c341e5ead1b4598d63352fb999a1674433bd60a7c7c3d3287ac0,9c306d57a391d92a493f0b9590b5ec0d2af7679ab1dc1116abab6b6253017763,72
dynamic,time_yoked,inhibitory,FE,-0.07995638046,1,rhythmic_to_rhythmic,descriptive design grid within one frozen realization; ranges are not uncertainty intervals,1,conditional on one frozen realization; no sampling inference,2026-08-26T18:12:43.884305+00:00,publication-outputs-1.0.0,0950b556111bec172d56ad34fe3569f251832a44e44c7eb43f636e6af321a5a1,ac36628fef7684bc08672b4c0678d32822a62f1b86b86ed9e5e19afa29f97220,cf2fef52687428f0eab74fc123ceb2a36cb6d0fc70d5442d221c955a4753ae2f,a0b23907336269b78a7cfd2eb7057232c7afcf87129f8a4c9d0f5e93faa0a5ef,d0bde0ec0552c341e5ead1b4598d63352fb999a1674433bd60a7c7c3d3287ac0,9c306d57a391d92a493f0b9590b5ec0d2af7679ab1dc1116abab6b6253017763,72
dynamic,spatial_shuffled,none,LR,-0.6646276657,1,rhythmic_to_rhythmic,descriptive design grid within one frozen realization; ranges are not uncertainty intervals,1,conditional on one frozen realization; no sampling inference,2026-08-26T18:12:43.884305+00:00,publication-outputs-1.0.0,0950b556111bec172d56ad34fe3569f251832a44e44c7eb43f636e6af321a5a1,ac36628fef7684bc08672b4c0678d32822a62f1b86b86ed9e5e19afa29f97220,cf2fef52687428f0eab74fc123ceb2a36cb6d0fc70d5442d221c955a4753ae2f,a0b23907336269b78a7cfd2eb7057232c7afcf87129f8a4c9d0f5e93faa0a5ef,d0bde0ec0552c341e5ead1b4598d63352fb999a1674433bd60a7c7c3d3287ac0,9c306d57a391d92a493f0b9590b5ec0d2af7679ab1dc1116abab6b6253017763,72
dynamic,spatial_shuffled,none,FE,0.6816600963,1,rhythmic_to_rhythmic,descriptive design grid within one frozen realization; ranges are not uncertainty intervals,1,conditional on one frozen realization; no sampling inference,2026-08-26T18:12:43.884305+00:00,publication-outputs-1.0.0,0950b556111bec172d56ad34fe3569f251832a44e44c7eb43f636e6af321a5a1,ac36628fef7684bc08672b4c0678d32822a62f1b86b86ed9e5e19afa29f97220,cf2fef52687428f0eab74fc123ceb2a36cb6d0fc70d5442d221c955a4753ae2f,a0b23907336269b78a7cfd2eb7057232c7afcf87129f8a4c9d0f5e93faa0a5ef,d0bde0ec0552c341e5ead1b4598d63352fb999a1674433bd60a7c7c3d3287ac0,9c306d57a391d92a493f0b9590b5ec0d2af7679ab1dc1116abab6b6253017763,72
dynamic,spatial_shuffled,excitatory,LR,-1.075539802,1,rhythmic_to_rhythmic,descriptive design grid within one frozen realization; ranges are not uncertainty intervals,1,conditional on one frozen realization; no sampling inference,2026-08-26T18:12:43.884305+00:00,publication-outputs-1.0.0,0950b556111bec172d56ad34fe3569f251832a44e44c7eb43f636e6af321a5a1,ac36628fef7684bc08672b4c0678d32822a62f1b86b86ed9e5e19afa29f97220,cf2fef52687428f0eab74fc123ceb2a36cb6d0fc70d5442d221c955a4753ae2f,a0b23907336269b78a7cfd2eb7057232c7afcf87129f8a4c9d0f5e93faa0a5ef,d0bde0ec0552c341e5ead1b4598d63352fb999a1674433bd60a7c7c3d3287ac0,9c306d57a391d92a493f0b9590b5ec0d2af7679ab1dc1116abab6b6253017763,72
dynamic,spatial_shuffled,excitatory,FE,-1.090155953,1,rhythmic_to_rhythmic,descriptive design grid within one frozen realization; ranges are not uncertainty intervals,1,conditional on one frozen realization; no sampling inference,2026-08-26T18:12:43.884305+00:00,publication-outputs-1.0.0,0950b556111bec172d56ad34fe3569f251832a44e44c7eb43f636e6af321a5a1,ac36628fef7684bc08672b4c0678d32822a62f1b86b86ed9e5e19afa29f97220,cf2fef52687428f0eab74fc123ceb2a36cb6d0fc70d5442d221c955a4753ae2f,a0b23907336269b78a7cfd2eb7057232c7afcf87129f8a4c9d0f5e93faa0a5ef,d0bde0ec0552c341e5ead1b4598d63352fb999a1674433bd60a7c7c3d3287ac0,9c306d57a391d92a493f0b9590b5ec0d2af7679ab1dc1116abab6b6253017763,72
dynamic,spatial_shuffled,inhibitory,LR,2.364169599,1,rhythmic_to_rhythmic,descriptive design grid within one frozen realization; ranges are not uncertainty intervals,1,conditional on one frozen realization; no sampling inference,2026-08-26T18:12:43.884305+00:00,publication-outputs-1.0.0,0950b556111bec172d56ad34fe3569f251832a44e44c7eb43f636e6af321a5a1,ac36628fef7684bc08672b4c0678d32822a62f1b86b86ed9e5e19afa29f97220,cf2fef52687428f0eab74fc123ceb2a36cb6d0fc70d5442d221c955a4753ae2f,a0b23907336269b78a7cfd2eb7057232c7afcf87129f8a4c9d0f5e93faa0a5ef,d0bde0ec0552c341e5ead1b4598d63352fb999a1674433bd60a7c7c3d3287ac0,9c306d57a391d92a493f0b9590b5ec0d2af7679ab1dc1116abab6b6253017763,72
dynamic,spatial_shuffled,inhibitory,FE,0.2356617371,1,rhythmic_to_rhythmic,descriptive design grid within one frozen realization; ranges are not uncertainty intervals,1,conditional on one frozen realization; no sampling inference,2026-08-26T18:12:43.884305+00:00,publication-outputs-1.0.0,0950b556111bec172d56ad34fe3569f251832a44e44c7eb43f636e6af321a5a1,ac36628fef7684bc08672b4c0678d32822a62f1b86b86ed9e5e19afa29f97220,cf2fef52687428f0eab74fc123ceb2a36cb6d0fc70d5442d221c955a4753ae2f,a0b23907336269b78a7cfd2eb7057232c7afcf87129f8a4c9d0f5e93faa0a5ef,d0bde0ec0552c341e5ead1b4598d63352fb999a1674433bd60a7c7c3d3287ac0,9c306d57a391d92a493f0b9590b5ec0d2af7679ab1dc1116abab6b6253017763,72
static_mean,static_matched,none,LR,-0.9322102901,1,rhythmic_to_rhythmic,descriptive design grid within one frozen realization; ranges are not uncertainty intervals,1,conditional on one frozen realization; no sampling inference,2026-08-26T18:12:43.884305+00:00,publication-outputs-1.0.0,0950b556111bec172d56ad34fe3569f251832a44e44c7eb43f636e6af321a5a1,ac36628fef7684bc08672b4c0678d32822a62f1b86b86ed9e5e19afa29f97220,cf2fef52687428f0eab74fc123ceb2a36cb6d0fc70d5442d221c955a4753ae2f,a0b23907336269b78a7cfd2eb7057232c7afcf87129f8a4c9d0f5e93faa0a5ef,d0bde0ec0552c341e5ead1b4598d63352fb999a1674433bd60a7c7c3d3287ac0,9c306d57a391d92a493f0b9590b5ec0d2af7679ab1dc1116abab6b6253017763,72
static_mean,static_matched,none,FE,1.105726584,1,rhythmic_to_rhythmic,descriptive design grid within one frozen realization; ranges are not uncertainty intervals,1,conditional on one frozen realization; no sampling inference,2026-08-26T18:12:43.884305+00:00,publication-outputs-1.0.0,0950b556111bec172d56ad34fe3569f251832a44e44c7eb43f636e6af321a5a1,ac36628fef7684bc08672b4c0678d32822a62f1b86b86ed9e5e19afa29f97220,cf2fef52687428f0eab74fc123ceb2a36cb6d0fc70d5442d221c955a4753ae2f,a0b23907336269b78a7cfd2eb7057232c7afcf87129f8a4c9d0f5e93faa0a5ef,d0bde0ec0552c341e5ead1b4598d63352fb999a1674433bd60a7c7c3d3287ac0,9c306d57a391d92a493f0b9590b5ec0d2af7679ab1dc1116abab6b6253017763,72
static_mean,static_matched,excitatory,LR,-11.05883792,1,rhythmic_to_rhythmic,descriptive design grid within one frozen realization; ranges are not uncertainty intervals,1,conditional on one frozen realization; no sampling inference,2026-08-26T18:12:43.884305+00:00,publication-outputs-1.0.0,0950b556111bec172d56ad34fe3569f251832a44e44c7eb43f636e6af321a5a1,ac36628fef7684bc08672b4c0678d32822a62f1b86b86ed9e5e19afa29f97220,cf2fef52687428f0eab74fc123ceb2a36cb6d0fc70d5442d221c955a4753ae2f,a0b23907336269b78a7cfd2eb7057232c7afcf87129f8a4c9d0f5e93faa0a5ef,d0bde0ec0552c341e5ead1b4598d63352fb999a1674433bd60a7c7c3d3287ac0,9c306d57a391d92a493f0b9590b5ec0d2af7679ab1dc1116abab6b6253017763,72
static_mean,static_matched,excitatory,FE,-5.915045919,1,rhythmic_to_rhythmic,descriptive design grid within one frozen realization; ranges are not uncertainty intervals,1,conditional on one frozen realization; no sampling inference,2026-08-26T18:12:43.884305+00:00,publication-outputs-1.0.0,0950b556111bec172d56ad34fe3569f251832a44e44c7eb43f636e6af321a5a1,ac36628fef7684bc08672b4c0678d32822a62f1b86b86ed9e5e19afa29f97220,cf2fef52687428f0eab74fc123ceb2a36cb6d0fc70d5442d221c955a4753ae2f,a0b23907336269b78a7cfd2eb7057232c7afcf87129f8a4c9d0f5e93faa0a5ef,d0bde0ec0552c341e5ead1b4598d63352fb999a1674433bd60a7c7c3d3287ac0,9c306d57a391d92a493f0b9590b5ec0d2af7679ab1dc1116abab6b6253017763,72
static_mean,static_matched,inhibitory,LR,0.2590110581,1,rhythmic_to_rhythmic,descriptive design grid within one frozen realization; ranges are not uncertainty intervals,1,conditional on one frozen realization; no sampling inference,2026-08-26T18:12:43.884305+00:00,publication-outputs-1.0.0,0950b556111bec172d56ad34fe3569f251832a44e44c7eb43f636e6af321a5a1,ac36628fef7684bc08672b4c0678d32822a62f1b86b86ed9e5e19afa29f97220,cf2fef52687428f0eab74fc123ceb2a36cb6d0fc70d5442d221c955a4753ae2f,a0b23907336269b78a7cfd2eb7057232c7afcf87129f8a4c9d0f5e93faa0a5ef,d0bde0ec0552c341e5ead1b4598d63352fb999a1674433bd60a7c7c3d3287ac0,9c306d57a391d92a493f0b9590b5ec0d2af7679ab1dc1116abab6b6253017763,72
static_mean,static_matched,inhibitory,FE,-0.2332926126,1,rhythmic_to_rhythmic,descriptive design grid within one frozen realization; ranges are not uncertainty intervals,1,conditional on one frozen realization; no sampling inference,2026-08-26T18:12:43.884305+00:00,publication-outputs-1.0.0,0950b556111bec172d56ad34fe3569f251832a44e44c7eb43f636e6af321a5a1,ac36628fef7684bc08672b4c0678d32822a62f1b86b86ed9e5e19afa29f97220,cf2fef52687428f0eab74fc123ceb2a36cb6d0fc70d5442d221c955a4753ae2f,a0b23907336269b78a7cfd2eb7057232c7afcf87129f8a4c9d0f5e93faa0a5ef,d0bde0ec0552c341e5ead1b4598d63352fb999a1674433bd60a7c7c3d3287ac0,9c306d57a391d92a493f0b9590b5ec0d2af7679ab1dc1116abab6b6253017763,72
static_mean,time_yoked,none,LR,-0.9998502841,1,rhythmic_to_rhythmic,descriptive design grid within one frozen realization; ranges are not uncertainty intervals,1,conditional on one frozen realization; no sampling inference,2026-08-26T18:12:43.884305+00:00,publication-outputs-1.0.0,0950b556111bec172d56ad34fe3569f251832a44e44c7eb43f636e6af321a5a1,ac36628fef7684bc08672b4c0678d32822a62f1b86b86ed9e5e19afa29f97220,cf2fef52687428f0eab74fc123ceb2a36cb6d0fc70d5442d221c955a4753ae2f,a0b23907336269b78a7cfd2eb7057232c7afcf87129f8a4c9d0f5e93faa0a5ef,d0bde0ec0552c341e5ead1b4598d63352fb999a1674433bd60a7c7c3d3287ac0,9c306d57a391d92a493f0b9590b5ec0d2af7679ab1dc1116abab6b6253017763,72
static_mean,time_yoked,none,FE,0.5632410906,1,rhythmic_to_rhythmic,descriptive design grid within one frozen realization; ranges are not uncertainty intervals,1,conditional on one frozen realization; no sampling inference,2026-08-26T18:12:43.884305+00:00,publication-outputs-1.0.0,0950b556111bec172d56ad34fe3569f251832a44e44c7eb43f636e6af321a5a1,ac36628fef7684bc08672b4c0678d32822a62f1b86b86ed9e5e19afa29f97220,cf2fef52687428f0eab74fc123ceb2a36cb6d0fc70d5442d221c955a4753ae2f,a0b23907336269b78a7cfd2eb7057232c7afcf87129f8a4c9d0f5e93faa0a5ef,d0bde0ec0552c341e5ead1b4598d63352fb999a1674433bd60a7c7c3d3287ac0,9c306d57a391d92a493f0b9590b5ec0d2af7679ab1dc1116abab6b6253017763,72
static_mean,time_yoked,excitatory,LR,-5.915214854,1,rhythmic_to_rhythmic,descriptive design grid within one frozen realization; ranges are not uncertainty intervals,1,conditional on one frozen realization; no sampling inference,2026-08-26T18:12:43.884305+00:00,publication-outputs-1.0.0,0950b556111bec172d56ad34fe3569f251832a44e44c7eb43f636e6af321a5a1,ac36628fef7684bc08672b4c0678d32822a62f1b86b86ed9e5e19afa29f97220,cf2fef52687428f0eab74fc123ceb2a36cb6d0fc70d5442d221c955a4753ae2f,a0b23907336269b78a7cfd2eb7057232c7afcf87129f8a4c9d0f5e93faa0a5ef,d0bde0ec0552c341e5ead1b4598d63352fb999a1674433bd60a7c7c3d3287ac0,9c306d57a391d92a493f0b9590b5ec0d2af7679ab1dc1116abab6b6253017763,72
static_mean,time_yoked,excitatory,FE,-5.048382109,1,rhythmic_to_rhythmic,descriptive design grid within one frozen realization; ranges are not uncertainty intervals,1,conditional on one frozen realization; no sampling inference,2026-08-26T18:12:43.884305+00:00,publication-outputs-1.0.0,0950b556111bec172d56ad34fe3569f251832a44e44c7eb43f636e6af321a5a1,ac36628fef7684bc08672b4c0678d32822a62f1b86b86ed9e5e19afa29f97220,cf2fef52687428f0eab74fc123ceb2a36cb6d0fc70d5442d221c955a4753ae2f,a0b23907336269b78a7cfd2eb7057232c7afcf87129f8a4c9d0f5e93faa0a5ef,d0bde0ec0552c341e5ead1b4598d63352fb999a1674433bd60a7c7c3d3287ac0,9c306d57a391d92a493f0b9590b5ec0d2af7679ab1dc1116abab6b6253017763,72
static_mean,time_yoked,inhibitory,LR,-5.985694096,1,rhythmic_to_rhythmic,descriptive design grid within one frozen realization; ranges are not uncertainty intervals,1,conditional on one frozen realization; no sampling inference,2026-08-26T18:12:43.884305+00:00,publication-outputs-1.0.0,0950b556111bec172d56ad34fe3569f251832a44e44c7eb43f636e6af321a5a1,ac36628fef7684bc08672b4c0678d32822a62f1b86b86ed9e5e19afa29f97220,cf2fef52687428f0eab74fc123ceb2a36cb6d0fc70d5442d221c955a4753ae2f,a0b23907336269b78a7cfd2eb7057232c7afcf87129f8a4c9d0f5e93faa0a5ef,d0bde0ec0552c341e5ead1b4598d63352fb999a1674433bd60a7c7c3d3287ac0,9c306d57a391d92a493f0b9590b5ec0d2af7679ab1dc1116abab6b6253017763,72
static_mean,time_yoked,inhibitory,FE,-2.042582469,1,rhythmic_to_rhythmic,descriptive design grid within one frozen realization; ranges are not uncertainty intervals,1,conditional on one frozen realization; no sampling inference,2026-08-26T18:12:43.884305+00:00,publication-outputs-1.0.0,0950b556111bec172d56ad34fe3569f251832a44e44c7eb43f636e6af321a5a1,ac36628fef7684bc08672b4c0678d32822a62f1b86b86ed9e5e19afa29f97220,cf2fef52687428f0eab74fc123ceb2a36cb6d0fc70d5442d221c955a4753ae2f,a0b23907336269b78a7cfd2eb7057232c7afcf87129f8a4c9d0f5e93faa0a5ef,d0bde0ec0552c341e5ead1b4598d63352fb999a1674433bd60a7c7c3d3287ac0,9c306d57a391d92a493f0b9590b5ec0d2af7679ab1dc1116abab6b6253017763,72
static_mean,spatial_shuffled,none,LR,0.1342650463,1,rhythmic_to_rhythmic,descriptive design grid within one frozen realization; ranges are not uncertainty intervals,1,conditional on one frozen realization; no sampling inference,2026-08-26T18:12:43.884305+00:00,publication-outputs-1.0.0,0950b556111bec172d56ad34fe3569f251832a44e44c7eb43f636e6af321a5a1,ac36628fef7684bc08672b4c0678d32822a62f1b86b86ed9e5e19afa29f97220,cf2fef52687428f0eab74fc123ceb2a36cb6d0fc70d5442d221c955a4753ae2f,a0b23907336269b78a7cfd2eb7057232c7afcf87129f8a4c9d0f5e93faa0a5ef,d0bde0ec0552c341e5ead1b4598d63352fb999a1674433bd60a7c7c3d3287ac0,9c306d57a391d92a493f0b9590b5ec0d2af7679ab1dc1116abab6b6253017763,72
static_mean,spatial_shuffled,none,FE,0.267322028,1,rhythmic_to_rhythmic,descriptive design grid within one frozen realization; ranges are not uncertainty intervals,1,conditional on one frozen realization; no sampling inference,2026-08-26T18:12:43.884305+00:00,publication-outputs-1.0.0,0950b556111bec172d56ad34fe3569f251832a44e44c7eb43f636e6af321a5a1,ac36628fef7684bc08672b4c0678d32822a62f1b86b86ed9e5e19afa29f97220,cf2fef52687428f0eab74fc123ceb2a36cb6d0fc70d5442d221c955a4753ae2f,a0b23907336269b78a7cfd2eb7057232c7afcf87129f8a4c9d0f5e93faa0a5ef,d0bde0ec0552c341e5ead1b4598d63352fb999a1674433bd60a7c7c3d3287ac0,9c306d57a391d92a493f0b9590b5ec0d2af7679ab1dc1116abab6b6253017763,72
static_mean,spatial_shuffled,excitatory,LR,-5.098913709,1,rhythmic_to_rhythmic,descriptive design grid within one frozen realization; ranges are not uncertainty intervals,1,conditional on one frozen realization; no sampling inference,2026-08-26T18:12:43.884305+00:00,publication-outputs-1.0.0,0950b556111bec172d56ad34fe3569f251832a44e44c7eb43f636e6af321a5a1,ac36628fef7684bc08672b4c0678d32822a62f1b86b86ed9e5e19afa29f97220,cf2fef52687428f0eab74fc123ceb2a36cb6d0fc70d5442d221c955a4753ae2f,a0b23907336269b78a7cfd2eb7057232c7afcf87129f8a4c9d0f5e93faa0a5ef,d0bde0ec0552c341e5ead1b4598d63352fb999a1674433bd60a7c7c3d3287ac0,9c306d57a391d92a493f0b9590b5ec0d2af7679ab1dc1116abab6b6253017763,72
static_mean,spatial_shuffled,excitatory,FE,-4.969838814,1,rhythmic_to_rhythmic,descriptive design grid within one frozen realization; ranges are not uncertainty intervals,1,conditional on one frozen realization; no sampling inference,2026-08-26T18:12:43.884305+00:00,publication-outputs-1.0.0,0950b556111bec172d56ad34fe3569f251832a44e44c7eb43f636e6af321a5a1,ac36628fef7684bc08672b4c0678d32822a62f1b86b86ed9e5e19afa29f97220,cf2fef52687428f0eab74fc123ceb2a36cb6d0fc70d5442d221c955a4753ae2f,a0b23907336269b78a7cfd2eb7057232c7afcf87129f8a4c9d0f5e93faa0a5ef,d0bde0ec0552c341e5ead1b4598d63352fb999a1674433bd60a7c7c3d3287ac0,9c306d57a391d92a493f0b9590b5ec0d2af7679ab1dc1116abab6b6253017763,72
static_mean,spatial_shuffled,inhibitory,LR,-1.884807399,1,rhythmic_to_rhythmic,descriptive design grid within one frozen realization; ranges are not uncertainty intervals,1,conditional on one frozen realization; no sampling inference,2026-08-26T18:12:43.884305+00:00,publication-outputs-1.0.0,0950b556111bec172d56ad34fe3569f251832a44e44c7eb43f636e6af321a5a1,ac36628fef7684bc08672b4c0678d32822a62f1b86b86ed9e5e19afa29f97220,cf2fef52687428f0eab74fc123ceb2a36cb6d0fc70d5442d221c955a4753ae2f,a0b23907336269b78a7cfd2eb7057232c7afcf87129f8a4c9d0f5e93faa0a5ef,d0bde0ec0552c341e5ead1b4598d63352fb999a1674433bd60a7c7c3d3287ac0,9c306d57a391d92a493f0b9590b5ec0d2af7679ab1dc1116abab6b6253017763,72
static_mean,spatial_shuffled,inhibitory,FE,-1.233930978,1,rhythmic_to_rhythmic,descriptive design grid within one frozen realization; ranges are not uncertainty intervals,1,conditional on one frozen realization; no sampling inference,2026-08-26T18:12:43.884305+00:00,publication-outputs-1.0.0,0950b556111bec172d56ad34fe3569f251832a44e44c7eb43f636e6af321a5a1,ac36628fef7684bc08672b4c0678d32822a62f1b86b86ed9e5e19afa29f97220,cf2fef52687428f0eab74fc123ceb2a36cb6d0fc70d5442d221c955a4753ae2f,a0b23907336269b78a7cfd2eb7057232c7afcf87129f8a4c9d0f5e93faa0a5ef,d0bde0ec0552c341e5ead1b4598d63352fb999a1674433bd60a7c7c3d3287ac0,9c306d57a391d92a493f0b9590b5ec0d2af7679ab1dc1116abab6b6253017763,72
yoked,static_matched,none,LR,-0.2328753678,1,rhythmic_to_rhythmic,descriptive design grid within one frozen realization; ranges are not uncertainty intervals,1,conditional on one frozen realization; no sampling inference,2026-08-26T18:12:43.884305+00:00,publication-outputs-1.0.0,0950b556111bec172d56ad34fe3569f251832a44e44c7eb43f636e6af321a5a1,ac36628fef7684bc08672b4c0678d32822a62f1b86b86ed9e5e19afa29f97220,cf2fef52687428f0eab74fc123ceb2a36cb6d0fc70d5442d221c955a4753ae2f,a0b23907336269b78a7cfd2eb7057232c7afcf87129f8a4c9d0f5e93faa0a5ef,d0bde0ec0552c341e5ead1b4598d63352fb999a1674433bd60a7c7c3d3287ac0,9c306d57a391d92a493f0b9590b5ec0d2af7679ab1dc1116abab6b6253017763,72
yoked,static_matched,none,FE,-0.1240146974,1,rhythmic_to_rhythmic,descriptive design grid within one frozen realization; ranges are not uncertainty intervals,1,conditional on one frozen realization; no sampling inference,2026-08-26T18:12:43.884305+00:00,publication-outputs-1.0.0,0950b556111bec172d56ad34fe3569f251832a44e44c7eb43f636e6af321a5a1,ac36628fef7684bc08672b4c0678d32822a62f1b86b86ed9e5e19afa29f97220,cf2fef52687428f0eab74fc123ceb2a36cb6d0fc70d5442d221c955a4753ae2f,a0b23907336269b78a7cfd2eb7057232c7afcf87129f8a4c9d0f5e93faa0a5ef,d0bde0ec0552c341e5ead1b4598d63352fb999a1674433bd60a7c7c3d3287ac0,9c306d57a391d92a493f0b9590b5ec0d2af7679ab1dc1116abab6b6253017763,72
yoked,static_matched,excitatory,LR,-15.31862247,1,rhythmic_to_rhythmic,descriptive design grid within one frozen realization; ranges are not uncertainty intervals,1,conditional on one frozen realization; no sampling inference,2026-08-26T18:12:43.884305+00:00,publication-outputs-1.0.0,0950b556111bec172d56ad34fe3569f251832a44e44c7eb43f636e6af321a5a1,ac36628fef7684bc08672b4c0678d32822a62f1b86b86ed9e5e19afa29f97220,cf2fef52687428f0eab74fc123ceb2a36cb6d0fc70d5442d221c955a4753ae2f,a0b23907336269b78a7cfd2eb7057232c7afcf87129f8a4c9d0f5e93faa0a5ef,d0bde0ec0552c341e5ead1b4598d63352fb999a1674433bd60a7c7c3d3287ac0,9c306d57a391d92a493f0b9590b5ec0d2af7679ab1dc1116abab6b6253017763,72
yoked,static_matched,excitatory,FE,-3.25795036,1,rhythmic_to_rhythmic,descriptive design grid within one frozen realization; ranges are not uncertainty intervals,1,conditional on one frozen realization; no sampling inference,2026-08-26T18:12:43.884305+00:00,publication-outputs-1.0.0,0950b556111bec172d56ad34fe3569f251832a44e44c7eb43f636e6af321a5a1,ac36628fef7684bc08672b4c0678d32822a62f1b86b86ed9e5e19afa29f97220,cf2fef52687428f0eab74fc123ceb2a36cb6d0fc70d5442d221c955a4753ae2f,a0b23907336269b78a7cfd2eb7057232c7afcf87129f8a4c9d0f5e93faa0a5ef,d0bde0ec0552c341e5ead1b4598d63352fb999a1674433bd60a7c7c3d3287ac0,9c306d57a391d92a493f0b9590b5ec0d2af7679ab1dc1116abab6b6253017763,72
yoked,static_matched,inhibitory,LR,-3.214887617,1,rhythmic_to_rhythmic,descriptive design grid within one frozen realization; ranges are not uncertainty intervals,1,conditional on one frozen realization; no sampling inference,2026-08-26T18:12:43.884305+00:00,publication-outputs-1.0.0,0950b556111bec172d56ad34fe3569f251832a44e44c7eb43f636e6af321a5a1,ac36628fef7684bc08672b4c0678d32822a62f1b86b86ed9e5e19afa29f97220,cf2fef52687428f0eab74fc123ceb2a36cb6d0fc70d5442d221c955a4753ae2f,a0b23907336269b78a7cfd2eb7057232c7afcf87129f8a4c9d0f5e93faa0a5ef,d0bde0ec0552c341e5ead1b4598d63352fb999a1674433bd60a7c7c3d3287ac0,9c306d57a391d92a493f0b9590b5ec0d2af7679ab1dc1116abab6b6253017763,72
yoked,static_matched,inhibitory,FE,-1.355408013,1,rhythmic_to_rhythmic,descriptive design grid within one frozen realization; ranges are not uncertainty intervals,1,conditional on one frozen realization; no sampling inference,2026-08-26T18:12:43.884305+00:00,publication-outputs-1.0.0,0950b556111bec172d56ad34fe3569f251832a44e44c7eb43f636e6af321a5a1,ac36628fef7684bc08672b4c0678d32822a62f1b86b86ed9e5e19afa29f97220,cf2fef52687428f0eab74fc123ceb2a36cb6d0fc70d5442d221c955a4753ae2f,a0b23907336269b78a7cfd2eb7057232c7afcf87129f8a4c9d0f5e93faa0a5ef,d0bde0ec0552c341e5ead1b4598d63352fb999a1674433bd60a7c7c3d3287ac0,9c306d57a391d92a493f0b9590b5ec0d2af7679ab1dc1116abab6b6253017763,72
yoked,time_yoked,none,LR,1.178416014,1,rhythmic_to_rhythmic,descriptive design grid within one frozen realization; ranges are not uncertainty intervals,1,conditional on one frozen realization; no sampling inference,2026-08-26T18:12:43.884305+00:00,publication-outputs-1.0.0,0950b556111bec172d56ad34fe3569f251832a44e44c7eb43f636e6af321a5a1,ac36628fef7684bc08672b4c0678d32822a62f1b86b86ed9e5e19afa29f97220,cf2fef52687428f0eab74fc123ceb2a36cb6d0fc70d5442d221c955a4753ae2f,a0b23907336269b78a7cfd2eb7057232c7afcf87129f8a4c9d0f5e93faa0a5ef,d0bde0ec0552c341e5ead1b4598d63352fb999a1674433bd60a7c7c3d3287ac0,9c306d57a391d92a493f0b9590b5ec0d2af7679ab1dc1116abab6b6253017763,72
yoked,time_yoked,none,FE,-0.7858507061,1,rhythmic_to_rhythmic,descriptive design grid within one frozen realization; ranges are not uncertainty intervals,1,conditional on one frozen realization; no sampling inference,2026-08-26T18:12:43.884305+00:00,publication-outputs-1.0.0,0950b556111bec172d56ad34fe3569f251832a44e44c7eb43f636e6af321a5a1,ac36628fef7684bc08672b4c0678d32822a62f1b86b86ed9e5e19afa29f97220,cf2fef52687428f0eab74fc123ceb2a36cb6d0fc70d5442d221c955a4753ae2f,a0b23907336269b78a7cfd2eb7057232c7afcf87129f8a4c9d0f5e93faa0a5ef,d0bde0ec0552c341e5ead1b4598d63352fb999a1674433bd60a7c7c3d3287ac0,9c306d57a391d92a493f0b9590b5ec0d2af7679ab1dc1116abab6b6253017763,72
yoked,time_yoked,excitatory,LR,-22.00260438,1,rhythmic_to_rhythmic,descriptive design grid within one frozen realization; ranges are not uncertainty intervals,1,conditional on one frozen realization; no sampling inference,2026-08-26T18:12:43.884305+00:00,publication-outputs-1.0.0,0950b556111bec172d56ad34fe3569f251832a44e44c7eb43f636e6af321a5a1,ac36628fef7684bc08672b4c0678d32822a62f1b86b86ed9e5e19afa29f97220,cf2fef52687428f0eab74fc123ceb2a36cb6d0fc70d5442d221c955a4753ae2f,a0b23907336269b78a7cfd2eb7057232c7afcf87129f8a4c9d0f5e93faa0a5ef,d0bde0ec0552c341e5ead1b4598d63352fb999a1674433bd60a7c7c3d3287ac0,9c306d57a391d92a493f0b9590b5ec0d2af7679ab1dc1116abab6b6253017763,72
yoked,time_yoked,excitatory,FE,-19.80194781,1,rhythmic_to_rhythmic,descriptive design grid within one frozen realization; ranges are not uncertainty intervals,1,conditional on one frozen realization; no sampling inference,2026-08-26T18:12:43.884305+00:00,publication-outputs-1.0.0,0950b556111bec172d56ad34fe3569f251832a44e44c7eb43f636e6af321a5a1,ac36628fef7684bc08672b4c0678d32822a62f1b86b86ed9e5e19afa29f97220,cf2fef52687428f0eab74fc123ceb2a36cb6d0fc70d5442d221c955a4753ae2f,a0b23907336269b78a7cfd2eb7057232c7afcf87129f8a4c9d0f5e93faa0a5ef,d0bde0ec0552c341e5ead1b4598d63352fb999a1674433bd60a7c7c3d3287ac0,9c306d57a391d92a493f0b9590b5ec0d2af7679ab1dc1116abab6b6253017763,72
yoked,time_yoked,inhibitory,LR,-4.18785533,1,rhythmic_to_rhythmic,descriptive design grid within one frozen realization; ranges are not uncertainty intervals,1,conditional on one frozen realization; no sampling inference,2026-08-26T18:12:43.884305+00:00,publication-outputs-1.0.0,0950b556111bec172d56ad34fe3569f251832a44e44c7eb43f636e6af321a5a1,ac36628fef7684bc08672b4c0678d32822a62f1b86b86ed9e5e19afa29f97220,cf2fef52687428f0eab74fc123ceb2a36cb6d0fc70d5442d221c955a4753ae2f,a0b23907336269b78a7cfd2eb7057232c7afcf87129f8a4c9d0f5e93faa0a5ef,d0bde0ec0552c341e5ead1b4598d63352fb999a1674433bd60a7c7c3d3287ac0,9c306d57a391d92a493f0b9590b5ec0d2af7679ab1dc1116abab6b6253017763,72
yoked,time_yoked,inhibitory,FE,-1.999535808,1,rhythmic_to_rhythmic,descriptive design grid within one frozen realization; ranges are not uncertainty intervals,1,conditional on one frozen realization; no sampling inference,2026-08-26T18:12:43.884305+00:00,publication-outputs-1.0.0,0950b556111bec172d56ad34fe3569f251832a44e44c7eb43f636e6af321a5a1,ac36628fef7684bc08672b4c0678d32822a62f1b86b86ed9e5e19afa29f97220,cf2fef52687428f0eab74fc123ceb2a36cb6d0fc70d5442d221c955a4753ae2f,a0b23907336269b78a7cfd2eb7057232c7afcf87129f8a4c9d0f5e93faa0a5ef,d0bde0ec0552c341e5ead1b4598d63352fb999a1674433bd60a7c7c3d3287ac0,9c306d57a391d92a493f0b9590b5ec0d2af7679ab1dc1116abab6b6253017763,72
yoked,spatial_shuffled,none,LR,1.031855943,1,rhythmic_to_rhythmic,descriptive design grid within one frozen realization; ranges are not uncertainty intervals,1,conditional on one frozen realization; no sampling inference,2026-08-26T18:12:43.884305+00:00,publication-outputs-1.0.0,0950b556111bec172d56ad34fe3569f251832a44e44c7eb43f636e6af321a5a1,ac36628fef7684bc08672b4c0678d32822a62f1b86b86ed9e5e19afa29f97220,cf2fef52687428f0eab74fc123ceb2a36cb6d0fc70d5442d221c955a4753ae2f,a0b23907336269b78a7cfd2eb7057232c7afcf87129f8a4c9d0f5e93faa0a5ef,d0bde0ec0552c341e5ead1b4598d63352fb999a1674433bd60a7c7c3d3287ac0,9c306d57a391d92a493f0b9590b5ec0d2af7679ab1dc1116abab6b6253017763,72
yoked,spatial_shuffled,none,FE,-0.4331192648,1,rhythmic_to_rhythmic,descriptive design grid within one frozen realization; ranges are not uncertainty intervals,1,conditional on one frozen realization; no sampling inference,2026-08-26T18:12:43.884305+00:00,publication-outputs-1.0.0,0950b556111bec172d56ad34fe3569f251832a44e44c7eb43f636e6af321a5a1,ac36628fef7684bc08672b4c0678d32822a62f1b86b86ed9e5e19afa29f97220,cf2fef52687428f0eab74fc123ceb2a36cb6d0fc70d5442d221c955a4753ae2f,a0b23907336269b78a7cfd2eb7057232c7afcf87129f8a4c9d0f5e93faa0a5ef,d0bde0ec0552c341e5ead1b4598d63352fb999a1674433bd60a7c7c3d3287ac0,9c306d57a391d92a493f0b9590b5ec0d2af7679ab1dc1116abab6b6253017763,72
yoked,spatial_shuffled,excitatory,LR,-0.4458993323,1,rhythmic_to_rhythmic,descriptive design grid within one frozen realization; ranges are not uncertainty intervals,1,conditional on one frozen realization; no sampling inference,2026-08-26T18:12:43.884305+00:00,publication-outputs-1.0.0,0950b556111bec172d56ad34fe3569f251832a44e44c7eb43f636e6af321a5a1,ac36628fef7684bc08672b4c0678d32822a62f1b86b86ed9e5e19afa29f97220,cf2fef52687428f0eab74fc123ceb2a36cb6d0fc70d5442d221c955a4753ae2f,a0b23907336269b78a7cfd2eb7057232c7afcf87129f8a4c9d0f5e93faa0a5ef,d0bde0ec0552c341e5ead1b4598d63352fb999a1674433bd60a7c7c3d3287ac0,9c306d57a391d92a493f0b9590b5ec0d2af7679ab1dc1116abab6b6253017763,72
yoked,spatial_shuffled,excitatory,FE,-0.1616693086,1,rhythmic_to_rhythmic,descriptive design grid within one frozen realization; ranges are not uncertainty intervals,1,conditional on one frozen realization; no sampling inference,2026-08-26T18:12:43.884305+00:00,publication-outputs-1.0.0,0950b556111bec172d56ad34fe3569f251832a44e44c7eb43f636e6af321a5a1,ac36628fef7684bc08672b4c0678d32822a62f1b86b86ed9e5e19afa29f97220,cf2fef52687428f0eab74fc123ceb2a36cb6d0fc70d5442d221c955a4753ae2f,a0b23907336269b78a7cfd2eb7057232c7afcf87129f8a4c9d0f5e93faa0a5ef,d0bde0ec0552c341e5ead1b4598d63352fb999a1674433bd60a7c7c3d3287ac0,9c306d57a391d92a493f0b9590b5ec0d2af7679ab1dc1116abab6b6253017763,72
yoked,spatial_shuffled,inhibitory,LR,-6.089806873,1,rhythmic_to_rhythmic,descriptive design grid within one frozen realization; ranges are not uncertainty intervals,1,conditional on one frozen realization; no sampling inference,2026-08-26T18:12:43.884305+00:00,publication-outputs-1.0.0,0950b556111bec172d56ad34fe3569f251832a44e44c7eb43f636e6af321a5a1,ac36628fef7684bc08672b4c0678d32822a62f1b86b86ed9e5e19afa29f97220,cf2fef52687428f0eab74fc123ceb2a36cb6d0fc70d5442d221c955a4753ae2f,a0b23907336269b78a7cfd2eb7057232c7afcf87129f8a4c9d0f5e93faa0a5ef,d0bde0ec0552c341e5ead1b4598d63352fb999a1674433bd60a7c7c3d3287ac0,9c306d57a391d92a493f0b9590b5ec0d2af7679ab1dc1116abab6b6253017763,72
yoked,spatial_shuffled,inhibitory,FE,-1.452171284,1,rhythmic_to_rhythmic,descriptive design grid within one frozen realization; ranges are not uncertainty intervals,1,conditional on one frozen realization; no sampling inference,2026-08-26T18:12:43.884305+00:00,publication-outputs-1.0.0,0950b556111bec172d56ad34fe3569f251832a44e44c7eb43f636e6af321a5a1,ac36628fef7684bc08672b4c0678d32822a62f1b86b86ed9e5e19afa29f97220,cf2fef52687428f0eab74fc123ceb2a36cb6d0fc70d5442d221c955a4753ae2f,a0b23907336269b78a7cfd2eb7057232c7afcf87129f8a4c9d0f5e93faa0a5ef,d0bde0ec0552c341e5ead1b4598d63352fb999a1674433bd60a7c7c3d3287ac0,9c306d57a391d92a493f0b9590b5ec0d2af7679ab1dc1116abab6b6253017763,72
off,static_matched,none,LR,0.9446165629,1,rhythmic_to_rhythmic,descriptive design grid within one frozen realization; ranges are not uncertainty intervals,1,conditional on one frozen realization; no sampling inference,2026-08-26T18:12:43.884305+00:00,publication-outputs-1.0.0,0950b556111bec172d56ad34fe3569f251832a44e44c7eb43f636e6af321a5a1,ac36628fef7684bc08672b4c0678d32822a62f1b86b86ed9e5e19afa29f97220,cf2fef52687428f0eab74fc123ceb2a36cb6d0fc70d5442d221c955a4753ae2f,a0b23907336269b78a7cfd2eb7057232c7afcf87129f8a4c9d0f5e93faa0a5ef,d0bde0ec0552c341e5ead1b4598d63352fb999a1674433bd60a7c7c3d3287ac0,9c306d57a391d92a493f0b9590b5ec0d2af7679ab1dc1116abab6b6253017763,72
off,static_matched,none,FE,0.3656300256,1,rhythmic_to_rhythmic,descriptive design grid within one frozen realization; ranges are not uncertainty intervals,1,conditional on one frozen realization; no sampling inference,2026-08-26T18:12:43.884305+00:00,publication-outputs-1.0.0,0950b556111bec172d56ad34fe3569f251832a44e44c7eb43f636e6af321a5a1,ac36628fef7684bc08672b4c0678d32822a62f1b86b86ed9e5e19afa29f97220,cf2fef52687428f0eab74fc123ceb2a36cb6d0fc70d5442d221c955a4753ae2f,a0b23907336269b78a7cfd2eb7057232c7afcf87129f8a4c9d0f5e93faa0a5ef,d0bde0ec0552c341e5ead1b4598d63352fb999a1674433bd60a7c7c3d3287ac0,9c306d57a391d92a493f0b9590b5ec0d2af7679ab1dc1116abab6b6253017763,72
off,static_matched,excitatory,LR,-6.994505628,1,rhythmic_to_rhythmic,descriptive design grid within one frozen realization; ranges are not uncertainty intervals,1,conditional on one frozen realization; no sampling inference,2026-08-26T18:12:43.884305+00:00,publication-outputs-1.0.0,0950b556111bec172d56ad34fe3569f251832a44e44c7eb43f636e6af321a5a1,ac36628fef7684bc08672b4c0678d32822a62f1b86b86ed9e5e19afa29f97220,cf2fef52687428f0eab74fc123ceb2a36cb6d0fc70d5442d221c955a4753ae2f,a0b23907336269b78a7cfd2eb7057232c7afcf87129f8a4c9d0f5e93faa0a5ef,d0bde0ec0552c341e5ead1b4598d63352fb999a1674433bd60a7c7c3d3287ac0,9c306d57a391d92a493f0b9590b5ec0d2af7679ab1dc1116abab6b6253017763,72
off,static_matched,excitatory,FE,-1.977622869,1,rhythmic_to_rhythmic,descriptive design grid within one frozen realization; ranges are not uncertainty intervals,1,conditional on one frozen realization; no sampling inference,2026-08-26T18:12:43.884305+00:00,publication-outputs-1.0.0,0950b556111bec172d56ad34fe3569f251832a44e44c7eb43f636e6af321a5a1,ac36628fef7684bc08672b4c0678d32822a62f1b86b86ed9e5e19afa29f97220,cf2fef52687428f0eab74fc123ceb2a36cb6d0fc70d5442d221c955a4753ae2f,a0b23907336269b78a7cfd2eb7057232c7afcf87129f8a4c9d0f5e93faa0a5ef,d0bde0ec0552c341e5ead1b4598d63352fb999a1674433bd60a7c7c3d3287ac0,9c306d57a391d92a493f0b9590b5ec0d2af7679ab1dc1116abab6b6253017763,72
off,static_matched,inhibitory,LR,0.6024510319,1,rhythmic_to_rhythmic,descriptive design grid within one frozen realization; ranges are not uncertainty intervals,1,conditional on one frozen realization; no sampling inference,2026-08-26T18:12:43.884305+00:00,publication-outputs-1.0.0,0950b556111bec172d56ad34fe3569f251832a44e44c7eb43f636e6af321a5a1,ac36628fef7684bc08672b4c0678d32822a62f1b86b86ed9e5e19afa29f97220,cf2fef52687428f0eab74fc123ceb2a36cb6d0fc70d5442d221c955a4753ae2f,a0b23907336269b78a7cfd2eb7057232c7afcf87129f8a4c9d0f5e93faa0a5ef,d0bde0ec0552c341e5ead1b4598d63352fb999a1674433bd60a7c7c3d3287ac0,9c306d57a391d92a493f0b9590b5ec0d2af7679ab1dc1116abab6b6253017763,72
off,static_matched,inhibitory,FE,0.7159697944,1,rhythmic_to_rhythmic,descriptive design grid within one frozen realization; ranges are not uncertainty intervals,1,conditional on one frozen realization; no sampling inference,2026-08-26T18:12:43.884305+00:00,publication-outputs-1.0.0,0950b556111bec172d56ad34fe3569f251832a44e44c7eb43f636e6af321a5a1,ac36628fef7684bc08672b4c0678d32822a62f1b86b86ed9e5e19afa29f97220,cf2fef52687428f0eab74fc123ceb2a36cb6d0fc70d5442d221c955a4753ae2f,a0b23907336269b78a7cfd2eb7057232c7afcf87129f8a4c9d0f5e93faa0a5ef,d0bde0ec0552c341e5ead1b4598d63352fb999a1674433bd60a7c7c3d3287ac0,9c306d57a391d92a493f0b9590b5ec0d2af7679ab1dc1116abab6b6253017763,72
off,time_yoked,none,LR,-0.4087127515,1,rhythmic_to_rhythmic,descriptive design grid within one frozen realization; ranges are not uncertainty intervals,1,conditional on one frozen realization; no sampling inference,2026-08-26T18:12:43.884305+00:00,publication-outputs-1.0.0,0950b556111bec172d56ad34fe3569f251832a44e44c7eb43f636e6af321a5a1,ac36628fef7684bc08672b4c0678d32822a62f1b86b86ed9e5e19afa29f97220,cf2fef52687428f0eab74fc123ceb2a36cb6d0fc70d5442d221c955a4753ae2f,a0b23907336269b78a7cfd2eb7057232c7afcf87129f8a4c9d0f5e93faa0a5ef,d0bde0ec0552c341e5ead1b4598d63352fb999a1674433bd60a7c7c3d3287ac0,9c306d57a391d92a493f0b9590b5ec0d2af7679ab1dc1116abab6b6253017763,72
off,time_yoked,none,FE,0.2292808353,1,rhythmic_to_rhythmic,descriptive design grid within one frozen realization; ranges are not uncertainty intervals,1,conditional on one frozen realization; no sampling inference,2026-08-26T18:12:43.884305+00:00,publication-outputs-1.0.0,0950b556111bec172d56ad34fe3569f251832a44e44c7eb43f636e6af321a5a1,ac36628fef7684bc08672b4c0678d32822a62f1b86b86ed9e5e19afa29f97220,cf2fef52687428f0eab74fc123ceb2a36cb6d0fc70d5442d221c955a4753ae2f,a0b23907336269b78a7cfd2eb7057232c7afcf87129f8a4c9d0f5e93faa0a5ef,d0bde0ec0552c341e5ead1b4598d63352fb999a1674433bd60a7c7c3d3287ac0,9c306d57a391d92a493f0b9590b5ec0d2af7679ab1dc1116abab6b6253017763,72
off,time_yoked,excitatory,LR,0.6139147473,1,rhythmic_to_rhythmic,descriptive design grid within one frozen realization; ranges are not uncertainty intervals,1,conditional on one frozen realization; no sampling inference,2026-08-26T18:12:43.884305+00:00,publication-outputs-1.0.0,0950b556111bec172d56ad34fe3569f251832a44e44c7eb43f636e6af321a5a1,ac36628fef7684bc08672b4c0678d32822a62f1b86b86ed9e5e19afa29f97220,cf2fef52687428f0eab74fc123ceb2a36cb6d0fc70d5442d221c955a4753ae2f,a0b23907336269b78a7cfd2eb7057232c7afcf87129f8a4c9d0f5e93faa0a5ef,d0bde0ec0552c341e5ead1b4598d63352fb999a1674433bd60a7c7c3d3287ac0,9c306d57a391d92a493f0b9590b5ec0d2af7679ab1dc1116abab6b6253017763,72
off,time_yoked,excitatory,FE,-0.415393329,1,rhythmic_to_rhythmic,descriptive design grid within one frozen realization; ranges are not uncertainty intervals,1,conditional on one frozen realization; no sampling inference,2026-08-26T18:12:43.884305+00:00,publication-outputs-1.0.0,0950b556111bec172d56ad34fe3569f251832a44e44c7eb43f636e6af321a5a1,ac36628fef7684bc08672b4c0678d32822a62f1b86b86ed9e5e19afa29f97220,cf2fef52687428f0eab74fc123ceb2a36cb6d0fc70d5442d221c955a4753ae2f,a0b23907336269b78a7cfd2eb7057232c7afcf87129f8a4c9d0f5e93faa0a5ef,d0bde0ec0552c341e5ead1b4598d63352fb999a1674433bd60a7c7c3d3287ac0,9c306d57a391d92a493f0b9590b5ec0d2af7679ab1dc1116abab6b6253017763,72
off,time_yoked,inhibitory,LR,3.616019439,1,rhythmic_to_rhythmic,descriptive design grid within one frozen realization; ranges are not uncertainty intervals,1,conditional on one frozen realization; no sampling inference,2026-08-26T18:12:43.884305+00:00,publication-outputs-1.0.0,0950b556111bec172d56ad34fe3569f251832a44e44c7eb43f636e6af321a5a1,ac36628fef7684bc08672b4c0678d32822a62f1b86b86ed9e5e19afa29f97220,cf2fef52687428f0eab74fc123ceb2a36cb6d0fc70d5442d221c955a4753ae2f,a0b23907336269b78a7cfd2eb7057232c7afcf87129f8a4c9d0f5e93faa0a5ef,d0bde0ec0552c341e5ead1b4598d63352fb999a1674433bd60a7c7c3d3287ac0,9c306d57a391d92a493f0b9590b5ec0d2af7679ab1dc1116abab6b6253017763,72
off,time_yoked,inhibitory,FE,1.789093043,1,rhythmic_to_rhythmic,descriptive design grid within one frozen realization; ranges are not uncertainty intervals,1,conditional on one frozen realization; no sampling inference,2026-08-26T18:12:43.884305+00:00,publication-outputs-1.0.0,0950b556111bec172d56ad34fe3569f251832a44e44c7eb43f636e6af321a5a1,ac36628fef7684bc08672b4c0678d32822a62f1b86b86ed9e5e19afa29f97220,cf2fef52687428f0eab74fc123ceb2a36cb6d0fc70d5442d221c955a4753ae2f,a0b23907336269b78a7cfd2eb7057232c7afcf87129f8a4c9d0f5e93faa0a5ef,d0bde0ec0552c341e5ead1b4598d63352fb999a1674433bd60a7c7c3d3287ac0,9c306d57a391d92a493f0b9590b5ec0d2af7679ab1dc1116abab6b6253017763,72
off,spatial_shuffled,none,LR,1.419005666,1,rhythmic_to_rhythmic,descriptive design grid within one frozen realization; ranges are not uncertainty intervals,1,conditional on one frozen realization; no sampling inference,2026-08-26T18:12:43.884305+00:00,publication-outputs-1.0.0,0950b556111bec172d56ad34fe3569f251832a44e44c7eb43f636e6af321a5a1,ac36628fef7684bc08672b4c0678d32822a62f1b86b86ed9e5e19afa29f97220,cf2fef52687428f0eab74fc123ceb2a36cb6d0fc70d5442d221c955a4753ae2f,a0b23907336269b78a7cfd2eb7057232c7afcf87129f8a4c9d0f5e93faa0a5ef,d0bde0ec0552c341e5ead1b4598d63352fb999a1674433bd60a7c7c3d3287ac0,9c306d57a391d92a493f0b9590b5ec0d2af7679ab1dc1116abab6b6253017763,72
off,spatial_shuffled,none,FE,-0.06551410144,1,rhythmic_to_rhythmic,descriptive design grid within one frozen realization; ranges are not uncertainty intervals,1,conditional on one frozen realization; no sampling inference,2026-08-26T18:12:43.884305+00:00,publication-outputs-1.0.0,0950b556111bec172d56ad34fe3569f251832a44e44c7eb43f636e6af321a5a1,ac36628fef7684bc08672b4c0678d32822a62f1b86b86ed9e5e19afa29f97220,cf2fef52687428f0eab74fc123ceb2a36cb6d0fc70d5442d221c955a4753ae2f,a0b23907336269b78a7cfd2eb7057232c7afcf87129f8a4c9d0f5e93faa0a5ef,d0bde0ec0552c341e5ead1b4598d63352fb999a1674433bd60a7c7c3d3287ac0,9c306d57a391d92a493f0b9590b5ec0d2af7679ab1dc1116abab6b6253017763,72
off,spatial_shuffled,excitatory,LR,0.3838098307,1,rhythmic_to_rhythmic,descriptive design grid within one frozen realization; ranges are not uncertainty intervals,1,conditional on one frozen realization; no sampling inference,2026-08-26T18:12:43.884305+00:00,publication-outputs-1.0.0,0950b556111bec172d56ad34fe3569f251832a44e44c7eb43f636e6af321a5a1,ac36628fef7684bc08672b4c0678d32822a62f1b86b86ed9e5e19afa29f97220,cf2fef52687428f0eab74fc123ceb2a36cb6d0fc70d5442d221c955a4753ae2f,a0b23907336269b78a7cfd2eb7057232c7afcf87129f8a4c9d0f5e93faa0a5ef,d0bde0ec0552c341e5ead1b4598d63352fb999a1674433bd60a7c7c3d3287ac0,9c306d57a391d92a493f0b9590b5ec0d2af7679ab1dc1116abab6b6253017763,72
off,spatial_shuffled,excitatory,FE,0.164344068,1,rhythmic_to_rhythmic,descriptive design grid within one frozen realization; ranges are not uncertainty intervals,1,conditional on one frozen realization; no sampling inference,2026-08-26T18:12:43.884305+00:00,publication-outputs-1.0.0,0950b556111bec172d56ad34fe3569f251832a44e44c7eb43f636e6af321a5a1,ac36628fef7684bc08672b4c0678d32822a62f1b86b86ed9e5e19afa29f97220,cf2fef52687428f0eab74fc123ceb2a36cb6d0fc70d5442d221c955a4753ae2f,a0b23907336269b78a7cfd2eb7057232c7afcf87129f8a4c9d0f5e93faa0a5ef,d0bde0ec0552c341e5ead1b4598d63352fb999a1674433bd60a7c7c3d3287ac0,9c306d57a391d92a493f0b9590b5ec0d2af7679ab1dc1116abab6b6253017763,72
off,spatial_shuffled,inhibitory,LR,1.973505273,1,rhythmic_to_rhythmic,descriptive design grid within one frozen realization; ranges are not uncertainty intervals,1,conditional on one frozen realization; no sampling inference,2026-08-26T18:12:43.884305+00:00,publication-outputs-1.0.0,0950b556111bec172d56ad34fe3569f251832a44e44c7eb43f636e6af321a5a1,ac36628fef7684bc08672b4c0678d32822a62f1b86b86ed9e5e19afa29f97220,cf2fef52687428f0eab74fc123ceb2a36cb6d0fc70d5442d221c955a4753ae2f,a0b23907336269b78a7cfd2eb7057232c7afcf87129f8a4c9d0f5e93faa0a5ef,d0bde0ec0552c341e5ead1b4598d63352fb999a1674433bd60a7c7c3d3287ac0,9c306d57a391d92a493f0b9590b5ec0d2af7679ab1dc1116abab6b6253017763,72
off,spatial_shuffled,inhibitory,FE,1.440557034,1,rhythmic_to_rhythmic,descriptive design grid within one frozen realization; ranges are not uncertainty intervals,1,conditional on one frozen realization; no sampling inference,2026-08-26T18:12:43.884305+00:00,publication-outputs-1.0.0,0950b556111bec172d56ad34fe3569f251832a44e44c7eb43f636e6af321a5a1,ac36628fef7684bc08672b4c0678d32822a62f1b86b86ed9e5e19afa29f97220,cf2fef52687428f0eab74fc123ceb2a36cb6d0fc70d5442d221c955a4753ae2f,a0b23907336269b78a7cfd2eb7057232c7afcf87129f8a4c9d0f5e93faa0a5ef,d0bde0ec0552c341e5ead1b4598d63352fb999a1674433bd60a7c7c3d3287ac0,9c306d57a391d92a493f0b9590b5ec0d2af7679ab1dc1116abab6b6253017763,72
