intended_class,intended_route,matrix_position,pulse,design_cell_count,all_four_arms_rhythmic_cells,fe_nonadditivity_deg_complete_cells,fe_nonadditivity_deg_median,fe_nonadditivity_deg_range_min,fe_nonadditivity_deg_range_max,aggregation_basis,independent_stochastic_realization_count,inferential_scope,generated_at_utc,publication_script_version,publication_script_sha256,protocol_spec_sha256,locked_protocol_sha256,source_a_to_d_script_sha256,source_e_f_script_sha256,source_g_h_script_sha256,output_row_count
RG,RG,diagonal,excitatory,9,0,0,,,,descriptive design grid within one frozen realization; ranges are not uncertainty intervals,1,conditional on one frozen realization; no sampling inference,2026-08-26T18:12:43.884305+00:00,publication-outputs-1.0.0,0950b556111bec172d56ad34fe3569f251832a44e44c7eb43f636e6af321a5a1,ac36628fef7684bc08672b4c0678d32822a62f1b86b86ed9e5e19afa29f97220,cf2fef52687428f0eab74fc123ceb2a36cb6d0fc70d5442d221c955a4753ae2f,a0b23907336269b78a7cfd2eb7057232c7afcf87129f8a4c9d0f5e93faa0a5ef,d0bde0ec0552c341e5ead1b4598d63352fb999a1674433bd60a7c7c3d3287ac0,9c306d57a391d92a493f0b9590b5ec0d2af7679ab1dc1116abab6b6253017763,100
RG,PF,off_diagonal,excitatory,9,0,0,,,,descriptive design grid within one frozen realization; ranges are not uncertainty intervals,1,conditional on one frozen realization; no sampling inference,2026-08-26T18:12:43.884305+00:00,publication-outputs-1.0.0,0950b556111bec172d56ad34fe3569f251832a44e44c7eb43f636e6af321a5a1,ac36628fef7684bc08672b4c0678d32822a62f1b86b86ed9e5e19afa29f97220,cf2fef52687428f0eab74fc123ceb2a36cb6d0fc70d5442d221c955a4753ae2f,a0b23907336269b78a7cfd2eb7057232c7afcf87129f8a4c9d0f5e93faa0a5ef,d0bde0ec0552c341e5ead1b4598d63352fb999a1674433bd60a7c7c3d3287ac0,9c306d57a391d92a493f0b9590b5ec0d2af7679ab1dc1116abab6b6253017763,100
RG,MN,off_diagonal,excitatory,9,0,0,,,,descriptive design grid within one frozen realization; ranges are not uncertainty intervals,1,conditional on one frozen realization; no sampling inference,2026-08-26T18:12:43.884305+00:00,publication-outputs-1.0.0,0950b556111bec172d56ad34fe3569f251832a44e44c7eb43f636e6af321a5a1,ac36628fef7684bc08672b4c0678d32822a62f1b86b86ed9e5e19afa29f97220,cf2fef52687428f0eab74fc123ceb2a36cb6d0fc70d5442d221c955a4753ae2f,a0b23907336269b78a7cfd2eb7057232c7afcf87129f8a4c9d0f5e93faa0a5ef,d0bde0ec0552c341e5ead1b4598d63352fb999a1674433bd60a7c7c3d3287ac0,9c306d57a391d92a493f0b9590b5ec0d2af7679ab1dc1116abab6b6253017763,100
RG,V0D,off_diagonal,excitatory,9,0,0,,,,descriptive design grid within one frozen realization; ranges are not uncertainty intervals,1,conditional on one frozen realization; no sampling inference,2026-08-26T18:12:43.884305+00:00,publication-outputs-1.0.0,0950b556111bec172d56ad34fe3569f251832a44e44c7eb43f636e6af321a5a1,ac36628fef7684bc08672b4c0678d32822a62f1b86b86ed9e5e19afa29f97220,cf2fef52687428f0eab74fc123ceb2a36cb6d0fc70d5442d221c955a4753ae2f,a0b23907336269b78a7cfd2eb7057232c7afcf87129f8a4c9d0f5e93faa0a5ef,d0bde0ec0552c341e5ead1b4598d63352fb999a1674433bd60a7c7c3d3287ac0,9c306d57a391d92a493f0b9590b5ec0d2af7679ab1dc1116abab6b6253017763,100
RG,V0V,off_diagonal,excitatory,9,0,0,,,,descriptive design grid within one frozen realization; ranges are not uncertainty intervals,1,conditional on one frozen realization; no sampling inference,2026-08-26T18:12:43.884305+00:00,publication-outputs-1.0.0,0950b556111bec172d56ad34fe3569f251832a44e44c7eb43f636e6af321a5a1,ac36628fef7684bc08672b4c0678d32822a62f1b86b86ed9e5e19afa29f97220,cf2fef52687428f0eab74fc123ceb2a36cb6d0fc70d5442d221c955a4753ae2f,a0b23907336269b78a7cfd2eb7057232c7afcf87129f8a4c9d0f5e93faa0a5ef,d0bde0ec0552c341e5ead1b4598d63352fb999a1674433bd60a7c7c3d3287ac0,9c306d57a391d92a493f0b9590b5ec0d2af7679ab1dc1116abab6b6253017763,100
RG,V2a,off_diagonal,excitatory,9,0,0,,,,descriptive design grid within one frozen realization; ranges are not uncertainty intervals,1,conditional on one frozen realization; no sampling inference,2026-08-26T18:12:43.884305+00:00,publication-outputs-1.0.0,0950b556111bec172d56ad34fe3569f251832a44e44c7eb43f636e6af321a5a1,ac36628fef7684bc08672b4c0678d32822a62f1b86b86ed9e5e19afa29f97220,cf2fef52687428f0eab74fc123ceb2a36cb6d0fc70d5442d221c955a4753ae2f,a0b23907336269b78a7cfd2eb7057232c7afcf87129f8a4c9d0f5e93faa0a5ef,d0bde0ec0552c341e5ead1b4598d63352fb999a1674433bd60a7c7c3d3287ac0,9c306d57a391d92a493f0b9590b5ec0d2af7679ab1dc1116abab6b6253017763,100
RG,V3,off_diagonal,excitatory,9,0,0,,,,descriptive design grid within one frozen realization; ranges are not uncertainty intervals,1,conditional on one frozen realization; no sampling inference,2026-08-26T18:12:43.884305+00:00,publication-outputs-1.0.0,0950b556111bec172d56ad34fe3569f251832a44e44c7eb43f636e6af321a5a1,ac36628fef7684bc08672b4c0678d32822a62f1b86b86ed9e5e19afa29f97220,cf2fef52687428f0eab74fc123ceb2a36cb6d0fc70d5442d221c955a4753ae2f,a0b23907336269b78a7cfd2eb7057232c7afcf87129f8a4c9d0f5e93faa0a5ef,d0bde0ec0552c341e5ead1b4598d63352fb999a1674433bd60a7c7c3d3287ac0,9c306d57a391d92a493f0b9590b5ec0d2af7679ab1dc1116abab6b6253017763,100
RG,V1Ia,off_diagonal,excitatory,9,0,0,,,,descriptive design grid within one frozen realization; ranges are not uncertainty intervals,1,conditional on one frozen realization; no sampling inference,2026-08-26T18:12:43.884305+00:00,publication-outputs-1.0.0,0950b556111bec172d56ad34fe3569f251832a44e44c7eb43f636e6af321a5a1,ac36628fef7684bc08672b4c0678d32822a62f1b86b86ed9e5e19afa29f97220,cf2fef52687428f0eab74fc123ceb2a36cb6d0fc70d5442d221c955a4753ae2f,a0b23907336269b78a7cfd2eb7057232c7afcf87129f8a4c9d0f5e93faa0a5ef,d0bde0ec0552c341e5ead1b4598d63352fb999a1674433bd60a7c7c3d3287ac0,9c306d57a391d92a493f0b9590b5ec0d2af7679ab1dc1116abab6b6253017763,100
RG,V1Ren,off_diagonal,excitatory,9,0,0,,,,descriptive design grid within one frozen realization; ranges are not uncertainty intervals,1,conditional on one frozen realization; no sampling inference,2026-08-26T18:12:43.884305+00:00,publication-outputs-1.0.0,0950b556111bec172d56ad34fe3569f251832a44e44c7eb43f636e6af321a5a1,ac36628fef7684bc08672b4c0678d32822a62f1b86b86ed9e5e19afa29f97220,cf2fef52687428f0eab74fc123ceb2a36cb6d0fc70d5442d221c955a4753ae2f,a0b23907336269b78a7cfd2eb7057232c7afcf87129f8a4c9d0f5e93faa0a5ef,d0bde0ec0552c341e5ead1b4598d63352fb999a1674433bd60a7c7c3d3287ac0,9c306d57a391d92a493f0b9590b5ec0d2af7679ab1dc1116abab6b6253017763,100
RG,V2b,off_diagonal,excitatory,9,0,0,,,,descriptive design grid within one frozen realization; ranges are not uncertainty intervals,1,conditional on one frozen realization; no sampling inference,2026-08-26T18:12:43.884305+00:00,publication-outputs-1.0.0,0950b556111bec172d56ad34fe3569f251832a44e44c7eb43f636e6af321a5a1,ac36628fef7684bc08672b4c0678d32822a62f1b86b86ed9e5e19afa29f97220,cf2fef52687428f0eab74fc123ceb2a36cb6d0fc70d5442d221c955a4753ae2f,a0b23907336269b78a7cfd2eb7057232c7afcf87129f8a4c9d0f5e93faa0a5ef,d0bde0ec0552c341e5ead1b4598d63352fb999a1674433bd60a7c7c3d3287ac0,9c306d57a391d92a493f0b9590b5ec0d2af7679ab1dc1116abab6b6253017763,100
PF,RG,off_diagonal,excitatory,9,9,9,2.670230849,-24.86110842,13.40127412,descriptive design grid within one frozen realization; ranges are not uncertainty intervals,1,conditional on one frozen realization; no sampling inference,2026-08-26T18:12:43.884305+00:00,publication-outputs-1.0.0,0950b556111bec172d56ad34fe3569f251832a44e44c7eb43f636e6af321a5a1,ac36628fef7684bc08672b4c0678d32822a62f1b86b86ed9e5e19afa29f97220,cf2fef52687428f0eab74fc123ceb2a36cb6d0fc70d5442d221c955a4753ae2f,a0b23907336269b78a7cfd2eb7057232c7afcf87129f8a4c9d0f5e93faa0a5ef,d0bde0ec0552c341e5ead1b4598d63352fb999a1674433bd60a7c7c3d3287ac0,9c306d57a391d92a493f0b9590b5ec0d2af7679ab1dc1116abab6b6253017763,100
PF,PF,diagonal,excitatory,9,9,9,-0.02364516252,-5.85211782,14.280437,descriptive design grid within one frozen realization; ranges are not uncertainty intervals,1,conditional on one frozen realization; no sampling inference,2026-08-26T18:12:43.884305+00:00,publication-outputs-1.0.0,0950b556111bec172d56ad34fe3569f251832a44e44c7eb43f636e6af321a5a1,ac36628fef7684bc08672b4c0678d32822a62f1b86b86ed9e5e19afa29f97220,cf2fef52687428f0eab74fc123ceb2a36cb6d0fc70d5442d221c955a4753ae2f,a0b23907336269b78a7cfd2eb7057232c7afcf87129f8a4c9d0f5e93faa0a5ef,d0bde0ec0552c341e5ead1b4598d63352fb999a1674433bd60a7c7c3d3287ac0,9c306d57a391d92a493f0b9590b5ec0d2af7679ab1dc1116abab6b6253017763,100
PF,MN,off_diagonal,excitatory,9,9,9,-0.1418366257,-11.16366843,8.091418611,descriptive design grid within one frozen realization; ranges are not uncertainty intervals,1,conditional on one frozen realization; no sampling inference,2026-08-26T18:12:43.884305+00:00,publication-outputs-1.0.0,0950b556111bec172d56ad34fe3569f251832a44e44c7eb43f636e6af321a5a1,ac36628fef7684bc08672b4c0678d32822a62f1b86b86ed9e5e19afa29f97220,cf2fef52687428f0eab74fc123ceb2a36cb6d0fc70d5442d221c955a4753ae2f,a0b23907336269b78a7cfd2eb7057232c7afcf87129f8a4c9d0f5e93faa0a5ef,d0bde0ec0552c341e5ead1b4598d63352fb999a1674433bd60a7c7c3d3287ac0,9c306d57a391d92a493f0b9590b5ec0d2af7679ab1dc1116abab6b6253017763,100
PF,V0D,off_diagonal,excitatory,9,9,9,-0.1339889649,-11.5757468,13.04399015,descriptive design grid within one frozen realization; ranges are not uncertainty intervals,1,conditional on one frozen realization; no sampling inference,2026-08-26T18:12:43.884305+00:00,publication-outputs-1.0.0,0950b556111bec172d56ad34fe3569f251832a44e44c7eb43f636e6af321a5a1,ac36628fef7684bc08672b4c0678d32822a62f1b86b86ed9e5e19afa29f97220,cf2fef52687428f0eab74fc123ceb2a36cb6d0fc70d5442d221c955a4753ae2f,a0b23907336269b78a7cfd2eb7057232c7afcf87129f8a4c9d0f5e93faa0a5ef,d0bde0ec0552c341e5ead1b4598d63352fb999a1674433bd60a7c7c3d3287ac0,9c306d57a391d92a493f0b9590b5ec0d2af7679ab1dc1116abab6b6253017763,100
PF,V0V,off_diagonal,excitatory,9,9,9,-0.0007433651484,-13.82331908,24.60803187,descriptive design grid within one frozen realization; ranges are not uncertainty intervals,1,conditional on one frozen realization; no sampling inference,2026-08-26T18:12:43.884305+00:00,publication-outputs-1.0.0,0950b556111bec172d56ad34fe3569f251832a44e44c7eb43f636e6af321a5a1,ac36628fef7684bc08672b4c0678d32822a62f1b86b86ed9e5e19afa29f97220,cf2fef52687428f0eab74fc123ceb2a36cb6d0fc70d5442d221c955a4753ae2f,a0b23907336269b78a7cfd2eb7057232c7afcf87129f8a4c9d0f5e93faa0a5ef,d0bde0ec0552c341e5ead1b4598d63352fb999a1674433bd60a7c7c3d3287ac0,9c306d57a391d92a493f0b9590b5ec0d2af7679ab1dc1116abab6b6253017763,100
PF,V2a,off_diagonal,excitatory,9,9,9,-2.990446862,-10.12395366,3.865750006,descriptive design grid within one frozen realization; ranges are not uncertainty intervals,1,conditional on one frozen realization; no sampling inference,2026-08-26T18:12:43.884305+00:00,publication-outputs-1.0.0,0950b556111bec172d56ad34fe3569f251832a44e44c7eb43f636e6af321a5a1,ac36628fef7684bc08672b4c0678d32822a62f1b86b86ed9e5e19afa29f97220,cf2fef52687428f0eab74fc123ceb2a36cb6d0fc70d5442d221c955a4753ae2f,a0b23907336269b78a7cfd2eb7057232c7afcf87129f8a4c9d0f5e93faa0a5ef,d0bde0ec0552c341e5ead1b4598d63352fb999a1674433bd60a7c7c3d3287ac0,9c306d57a391d92a493f0b9590b5ec0d2af7679ab1dc1116abab6b6253017763,100
PF,V3,off_diagonal,excitatory,9,9,9,0,-4.628985039,0.6034253864,descriptive design grid within one frozen realization; ranges are not uncertainty intervals,1,conditional on one frozen realization; no sampling inference,2026-08-26T18:12:43.884305+00:00,publication-outputs-1.0.0,0950b556111bec172d56ad34fe3569f251832a44e44c7eb43f636e6af321a5a1,ac36628fef7684bc08672b4c0678d32822a62f1b86b86ed9e5e19afa29f97220,cf2fef52687428f0eab74fc123ceb2a36cb6d0fc70d5442d221c955a4753ae2f,a0b23907336269b78a7cfd2eb7057232c7afcf87129f8a4c9d0f5e93faa0a5ef,d0bde0ec0552c341e5ead1b4598d63352fb999a1674433bd60a7c7c3d3287ac0,9c306d57a391d92a493f0b9590b5ec0d2af7679ab1dc1116abab6b6253017763,100
PF,V1Ia,off_diagonal,excitatory,9,9,9,0.2287784162,-10.72702383,8.732369777,descriptive design grid within one frozen realization; ranges are not uncertainty intervals,1,conditional on one frozen realization; no sampling inference,2026-08-26T18:12:43.884305+00:00,publication-outputs-1.0.0,0950b556111bec172d56ad34fe3569f251832a44e44c7eb43f636e6af321a5a1,ac36628fef7684bc08672b4c0678d32822a62f1b86b86ed9e5e19afa29f97220,cf2fef52687428f0eab74fc123ceb2a36cb6d0fc70d5442d221c955a4753ae2f,a0b23907336269b78a7cfd2eb7057232c7afcf87129f8a4c9d0f5e93faa0a5ef,d0bde0ec0552c341e5ead1b4598d63352fb999a1674433bd60a7c7c3d3287ac0,9c306d57a391d92a493f0b9590b5ec0d2af7679ab1dc1116abab6b6253017763,100
PF,V1Ren,off_diagonal,excitatory,9,9,9,-0.1093937287,-10.386384,14.67401801,descriptive design grid within one frozen realization; ranges are not uncertainty intervals,1,conditional on one frozen realization; no sampling inference,2026-08-26T18:12:43.884305+00:00,publication-outputs-1.0.0,0950b556111bec172d56ad34fe3569f251832a44e44c7eb43f636e6af321a5a1,ac36628fef7684bc08672b4c0678d32822a62f1b86b86ed9e5e19afa29f97220,cf2fef52687428f0eab74fc123ceb2a36cb6d0fc70d5442d221c955a4753ae2f,a0b23907336269b78a7cfd2eb7057232c7afcf87129f8a4c9d0f5e93faa0a5ef,d0bde0ec0552c341e5ead1b4598d63352fb999a1674433bd60a7c7c3d3287ac0,9c306d57a391d92a493f0b9590b5ec0d2af7679ab1dc1116abab6b6253017763,100
PF,V2b,off_diagonal,excitatory,9,9,9,1.048522427,-5.751344817,17.16067384,descriptive design grid within one frozen realization; ranges are not uncertainty intervals,1,conditional on one frozen realization; no sampling inference,2026-08-26T18:12:43.884305+00:00,publication-outputs-1.0.0,0950b556111bec172d56ad34fe3569f251832a44e44c7eb43f636e6af321a5a1,ac36628fef7684bc08672b4c0678d32822a62f1b86b86ed9e5e19afa29f97220,cf2fef52687428f0eab74fc123ceb2a36cb6d0fc70d5442d221c955a4753ae2f,a0b23907336269b78a7cfd2eb7057232c7afcf87129f8a4c9d0f5e93faa0a5ef,d0bde0ec0552c341e5ead1b4598d63352fb999a1674433bd60a7c7c3d3287ac0,9c306d57a391d92a493f0b9590b5ec0d2af7679ab1dc1116abab6b6253017763,100
MN,RG,off_diagonal,excitatory,9,9,9,2.670230849,-24.86110842,13.40127412,descriptive design grid within one frozen realization; ranges are not uncertainty intervals,1,conditional on one frozen realization; no sampling inference,2026-08-26T18:12:43.884305+00:00,publication-outputs-1.0.0,0950b556111bec172d56ad34fe3569f251832a44e44c7eb43f636e6af321a5a1,ac36628fef7684bc08672b4c0678d32822a62f1b86b86ed9e5e19afa29f97220,cf2fef52687428f0eab74fc123ceb2a36cb6d0fc70d5442d221c955a4753ae2f,a0b23907336269b78a7cfd2eb7057232c7afcf87129f8a4c9d0f5e93faa0a5ef,d0bde0ec0552c341e5ead1b4598d63352fb999a1674433bd60a7c7c3d3287ac0,9c306d57a391d92a493f0b9590b5ec0d2af7679ab1dc1116abab6b6253017763,100
MN,PF,off_diagonal,excitatory,9,9,9,-0.02364516252,-5.85211782,14.280437,descriptive design grid within one frozen realization; ranges are not uncertainty intervals,1,conditional on one frozen realization; no sampling inference,2026-08-26T18:12:43.884305+00:00,publication-outputs-1.0.0,0950b556111bec172d56ad34fe3569f251832a44e44c7eb43f636e6af321a5a1,ac36628fef7684bc08672b4c0678d32822a62f1b86b86ed9e5e19afa29f97220,cf2fef52687428f0eab74fc123ceb2a36cb6d0fc70d5442d221c955a4753ae2f,a0b23907336269b78a7cfd2eb7057232c7afcf87129f8a4c9d0f5e93faa0a5ef,d0bde0ec0552c341e5ead1b4598d63352fb999a1674433bd60a7c7c3d3287ac0,9c306d57a391d92a493f0b9590b5ec0d2af7679ab1dc1116abab6b6253017763,100
MN,MN,diagonal,excitatory,9,9,9,-0.1418366257,-11.16366843,8.091418611,descriptive design grid within one frozen realization; ranges are not uncertainty intervals,1,conditional on one frozen realization; no sampling inference,2026-08-26T18:12:43.884305+00:00,publication-outputs-1.0.0,0950b556111bec172d56ad34fe3569f251832a44e44c7eb43f636e6af321a5a1,ac36628fef7684bc08672b4c0678d32822a62f1b86b86ed9e5e19afa29f97220,cf2fef52687428f0eab74fc123ceb2a36cb6d0fc70d5442d221c955a4753ae2f,a0b23907336269b78a7cfd2eb7057232c7afcf87129f8a4c9d0f5e93faa0a5ef,d0bde0ec0552c341e5ead1b4598d63352fb999a1674433bd60a7c7c3d3287ac0,9c306d57a391d92a493f0b9590b5ec0d2af7679ab1dc1116abab6b6253017763,100
MN,V0D,off_diagonal,excitatory,9,9,9,-0.1339889649,-11.5757468,13.04399015,descriptive design grid within one frozen realization; ranges are not uncertainty intervals,1,conditional on one frozen realization; no sampling inference,2026-08-26T18:12:43.884305+00:00,publication-outputs-1.0.0,0950b556111bec172d56ad34fe3569f251832a44e44c7eb43f636e6af321a5a1,ac36628fef7684bc08672b4c0678d32822a62f1b86b86ed9e5e19afa29f97220,cf2fef52687428f0eab74fc123ceb2a36cb6d0fc70d5442d221c955a4753ae2f,a0b23907336269b78a7cfd2eb7057232c7afcf87129f8a4c9d0f5e93faa0a5ef,d0bde0ec0552c341e5ead1b4598d63352fb999a1674433bd60a7c7c3d3287ac0,9c306d57a391d92a493f0b9590b5ec0d2af7679ab1dc1116abab6b6253017763,100
MN,V0V,off_diagonal,excitatory,9,9,9,-0.0007433651484,-13.82331908,24.60803187,descriptive design grid within one frozen realization; ranges are not uncertainty intervals,1,conditional on one frozen realization; no sampling inference,2026-08-26T18:12:43.884305+00:00,publication-outputs-1.0.0,0950b556111bec172d56ad34fe3569f251832a44e44c7eb43f636e6af321a5a1,ac36628fef7684bc08672b4c0678d32822a62f1b86b86ed9e5e19afa29f97220,cf2fef52687428f0eab74fc123ceb2a36cb6d0fc70d5442d221c955a4753ae2f,a0b23907336269b78a7cfd2eb7057232c7afcf87129f8a4c9d0f5e93faa0a5ef,d0bde0ec0552c341e5ead1b4598d63352fb999a1674433bd60a7c7c3d3287ac0,9c306d57a391d92a493f0b9590b5ec0d2af7679ab1dc1116abab6b6253017763,100
MN,V2a,off_diagonal,excitatory,9,9,9,-2.990446862,-10.12395366,3.865750006,descriptive design grid within one frozen realization; ranges are not uncertainty intervals,1,conditional on one frozen realization; no sampling inference,2026-08-26T18:12:43.884305+00:00,publication-outputs-1.0.0,0950b556111bec172d56ad34fe3569f251832a44e44c7eb43f636e6af321a5a1,ac36628fef7684bc08672b4c0678d32822a62f1b86b86ed9e5e19afa29f97220,cf2fef52687428f0eab74fc123ceb2a36cb6d0fc70d5442d221c955a4753ae2f,a0b23907336269b78a7cfd2eb7057232c7afcf87129f8a4c9d0f5e93faa0a5ef,d0bde0ec0552c341e5ead1b4598d63352fb999a1674433bd60a7c7c3d3287ac0,9c306d57a391d92a493f0b9590b5ec0d2af7679ab1dc1116abab6b6253017763,100
MN,V3,off_diagonal,excitatory,9,9,9,0,-4.628985039,0.6034253864,descriptive design grid within one frozen realization; ranges are not uncertainty intervals,1,conditional on one frozen realization; no sampling inference,2026-08-26T18:12:43.884305+00:00,publication-outputs-1.0.0,0950b556111bec172d56ad34fe3569f251832a44e44c7eb43f636e6af321a5a1,ac36628fef7684bc08672b4c0678d32822a62f1b86b86ed9e5e19afa29f97220,cf2fef52687428f0eab74fc123ceb2a36cb6d0fc70d5442d221c955a4753ae2f,a0b23907336269b78a7cfd2eb7057232c7afcf87129f8a4c9d0f5e93faa0a5ef,d0bde0ec0552c341e5ead1b4598d63352fb999a1674433bd60a7c7c3d3287ac0,9c306d57a391d92a493f0b9590b5ec0d2af7679ab1dc1116abab6b6253017763,100
MN,V1Ia,off_diagonal,excitatory,9,9,9,0.2287784162,-10.72702383,8.732369777,descriptive design grid within one frozen realization; ranges are not uncertainty intervals,1,conditional on one frozen realization; no sampling inference,2026-08-26T18:12:43.884305+00:00,publication-outputs-1.0.0,0950b556111bec172d56ad34fe3569f251832a44e44c7eb43f636e6af321a5a1,ac36628fef7684bc08672b4c0678d32822a62f1b86b86ed9e5e19afa29f97220,cf2fef52687428f0eab74fc123ceb2a36cb6d0fc70d5442d221c955a4753ae2f,a0b23907336269b78a7cfd2eb7057232c7afcf87129f8a4c9d0f5e93faa0a5ef,d0bde0ec0552c341e5ead1b4598d63352fb999a1674433bd60a7c7c3d3287ac0,9c306d57a391d92a493f0b9590b5ec0d2af7679ab1dc1116abab6b6253017763,100
MN,V1Ren,off_diagonal,excitatory,9,9,9,-0.1093937287,-10.386384,14.67401801,descriptive design grid within one frozen realization; ranges are not uncertainty intervals,1,conditional on one frozen realization; no sampling inference,2026-08-26T18:12:43.884305+00:00,publication-outputs-1.0.0,0950b556111bec172d56ad34fe3569f251832a44e44c7eb43f636e6af321a5a1,ac36628fef7684bc08672b4c0678d32822a62f1b86b86ed9e5e19afa29f97220,cf2fef52687428f0eab74fc123ceb2a36cb6d0fc70d5442d221c955a4753ae2f,a0b23907336269b78a7cfd2eb7057232c7afcf87129f8a4c9d0f5e93faa0a5ef,d0bde0ec0552c341e5ead1b4598d63352fb999a1674433bd60a7c7c3d3287ac0,9c306d57a391d92a493f0b9590b5ec0d2af7679ab1dc1116abab6b6253017763,100
MN,V2b,off_diagonal,excitatory,9,9,9,1.048522427,-5.751344817,17.16067384,descriptive design grid within one frozen realization; ranges are not uncertainty intervals,1,conditional on one frozen realization; no sampling inference,2026-08-26T18:12:43.884305+00:00,publication-outputs-1.0.0,0950b556111bec172d56ad34fe3569f251832a44e44c7eb43f636e6af321a5a1,ac36628fef7684bc08672b4c0678d32822a62f1b86b86ed9e5e19afa29f97220,cf2fef52687428f0eab74fc123ceb2a36cb6d0fc70d5442d221c955a4753ae2f,a0b23907336269b78a7cfd2eb7057232c7afcf87129f8a4c9d0f5e93faa0a5ef,d0bde0ec0552c341e5ead1b4598d63352fb999a1674433bd60a7c7c3d3287ac0,9c306d57a391d92a493f0b9590b5ec0d2af7679ab1dc1116abab6b6253017763,100
V0D,RG,off_diagonal,excitatory,9,9,9,3.827622101,-22.81386165,18.37053635,descriptive design grid within one frozen realization; ranges are not uncertainty intervals,1,conditional on one frozen realization; no sampling inference,2026-08-26T18:12:43.884305+00:00,publication-outputs-1.0.0,0950b556111bec172d56ad34fe3569f251832a44e44c7eb43f636e6af321a5a1,ac36628fef7684bc08672b4c0678d32822a62f1b86b86ed9e5e19afa29f97220,cf2fef52687428f0eab74fc123ceb2a36cb6d0fc70d5442d221c955a4753ae2f,a0b23907336269b78a7cfd2eb7057232c7afcf87129f8a4c9d0f5e93faa0a5ef,d0bde0ec0552c341e5ead1b4598d63352fb999a1674433bd60a7c7c3d3287ac0,9c306d57a391d92a493f0b9590b5ec0d2af7679ab1dc1116abab6b6253017763,100
V0D,PF,off_diagonal,excitatory,9,9,9,-0.09723469161,-23.52321265,18.98573754,descriptive design grid within one frozen realization; ranges are not uncertainty intervals,1,conditional on one frozen realization; no sampling inference,2026-08-26T18:12:43.884305+00:00,publication-outputs-1.0.0,0950b556111bec172d56ad34fe3569f251832a44e44c7eb43f636e6af321a5a1,ac36628fef7684bc08672b4c0678d32822a62f1b86b86ed9e5e19afa29f97220,cf2fef52687428f0eab74fc123ceb2a36cb6d0fc70d5442d221c955a4753ae2f,a0b23907336269b78a7cfd2eb7057232c7afcf87129f8a4c9d0f5e93faa0a5ef,d0bde0ec0552c341e5ead1b4598d63352fb999a1674433bd60a7c7c3d3287ac0,9c306d57a391d92a493f0b9590b5ec0d2af7679ab1dc1116abab6b6253017763,100
V0D,MN,off_diagonal,excitatory,9,9,9,0.07371390609,-12.80712655,23.58129005,descriptive design grid within one frozen realization; ranges are not uncertainty intervals,1,conditional on one frozen realization; no sampling inference,2026-08-26T18:12:43.884305+00:00,publication-outputs-1.0.0,0950b556111bec172d56ad34fe3569f251832a44e44c7eb43f636e6af321a5a1,ac36628fef7684bc08672b4c0678d32822a62f1b86b86ed9e5e19afa29f97220,cf2fef52687428f0eab74fc123ceb2a36cb6d0fc70d5442d221c955a4753ae2f,a0b23907336269b78a7cfd2eb7057232c7afcf87129f8a4c9d0f5e93faa0a5ef,d0bde0ec0552c341e5ead1b4598d63352fb999a1674433bd60a7c7c3d3287ac0,9c306d57a391d92a493f0b9590b5ec0d2af7679ab1dc1116abab6b6253017763,100
V0D,V0D,diagonal,excitatory,9,9,9,0.08614679914,-2.435247222,13.93033481,descriptive design grid within one frozen realization; ranges are not uncertainty intervals,1,conditional on one frozen realization; no sampling inference,2026-08-26T18:12:43.884305+00:00,publication-outputs-1.0.0,0950b556111bec172d56ad34fe3569f251832a44e44c7eb43f636e6af321a5a1,ac36628fef7684bc08672b4c0678d32822a62f1b86b86ed9e5e19afa29f97220,cf2fef52687428f0eab74fc123ceb2a36cb6d0fc70d5442d221c955a4753ae2f,a0b23907336269b78a7cfd2eb7057232c7afcf87129f8a4c9d0f5e93faa0a5ef,d0bde0ec0552c341e5ead1b4598d63352fb999a1674433bd60a7c7c3d3287ac0,9c306d57a391d92a493f0b9590b5ec0d2af7679ab1dc1116abab6b6253017763,100
V0D,V0V,off_diagonal,excitatory,9,9,9,0.03790228566,-4.794993097,42.98629221,descriptive design grid within one frozen realization; ranges are not uncertainty intervals,1,conditional on one frozen realization; no sampling inference,2026-08-26T18:12:43.884305+00:00,publication-outputs-1.0.0,0950b556111bec172d56ad34fe3569f251832a44e44c7eb43f636e6af321a5a1,ac36628fef7684bc08672b4c0678d32822a62f1b86b86ed9e5e19afa29f97220,cf2fef52687428f0eab74fc123ceb2a36cb6d0fc70d5442d221c955a4753ae2f,a0b23907336269b78a7cfd2eb7057232c7afcf87129f8a4c9d0f5e93faa0a5ef,d0bde0ec0552c341e5ead1b4598d63352fb999a1674433bd60a7c7c3d3287ac0,9c306d57a391d92a493f0b9590b5ec0d2af7679ab1dc1116abab6b6253017763,100
V0D,V2a,off_diagonal,excitatory,9,9,9,0.07017871073,-5.348156914,16.3557712,descriptive design grid within one frozen realization; ranges are not uncertainty intervals,1,conditional on one frozen realization; no sampling inference,2026-08-26T18:12:43.884305+00:00,publication-outputs-1.0.0,0950b556111bec172d56ad34fe3569f251832a44e44c7eb43f636e6af321a5a1,ac36628fef7684bc08672b4c0678d32822a62f1b86b86ed9e5e19afa29f97220,cf2fef52687428f0eab74fc123ceb2a36cb6d0fc70d5442d221c955a4753ae2f,a0b23907336269b78a7cfd2eb7057232c7afcf87129f8a4c9d0f5e93faa0a5ef,d0bde0ec0552c341e5ead1b4598d63352fb999a1674433bd60a7c7c3d3287ac0,9c306d57a391d92a493f0b9590b5ec0d2af7679ab1dc1116abab6b6253017763,100
V0D,V3,off_diagonal,excitatory,9,9,9,0.01110496597,-3.586736149,2.245538659,descriptive design grid within one frozen realization; ranges are not uncertainty intervals,1,conditional on one frozen realization; no sampling inference,2026-08-26T18:12:43.884305+00:00,publication-outputs-1.0.0,0950b556111bec172d56ad34fe3569f251832a44e44c7eb43f636e6af321a5a1,ac36628fef7684bc08672b4c0678d32822a62f1b86b86ed9e5e19afa29f97220,cf2fef52687428f0eab74fc123ceb2a36cb6d0fc70d5442d221c955a4753ae2f,a0b23907336269b78a7cfd2eb7057232c7afcf87129f8a4c9d0f5e93faa0a5ef,d0bde0ec0552c341e5ead1b4598d63352fb999a1674433bd60a7c7c3d3287ac0,9c306d57a391d92a493f0b9590b5ec0d2af7679ab1dc1116abab6b6253017763,100
V0D,V1Ia,off_diagonal,excitatory,9,9,9,-0.2926108804,-5.948923981,17.41195311,descriptive design grid within one frozen realization; ranges are not uncertainty intervals,1,conditional on one frozen realization; no sampling inference,2026-08-26T18:12:43.884305+00:00,publication-outputs-1.0.0,0950b556111bec172d56ad34fe3569f251832a44e44c7eb43f636e6af321a5a1,ac36628fef7684bc08672b4c0678d32822a62f1b86b86ed9e5e19afa29f97220,cf2fef52687428f0eab74fc123ceb2a36cb6d0fc70d5442d221c955a4753ae2f,a0b23907336269b78a7cfd2eb7057232c7afcf87129f8a4c9d0f5e93faa0a5ef,d0bde0ec0552c341e5ead1b4598d63352fb999a1674433bd60a7c7c3d3287ac0,9c306d57a391d92a493f0b9590b5ec0d2af7679ab1dc1116abab6b6253017763,100
V0D,V1Ren,off_diagonal,excitatory,9,9,9,3.770455718,-9.477897506,24.94647037,descriptive design grid within one frozen realization; ranges are not uncertainty intervals,1,conditional on one frozen realization; no sampling inference,2026-08-26T18:12:43.884305+00:00,publication-outputs-1.0.0,0950b556111bec172d56ad34fe3569f251832a44e44c7eb43f636e6af321a5a1,ac36628fef7684bc08672b4c0678d32822a62f1b86b86ed9e5e19afa29f97220,cf2fef52687428f0eab74fc123ceb2a36cb6d0fc70d5442d221c955a4753ae2f,a0b23907336269b78a7cfd2eb7057232c7afcf87129f8a4c9d0f5e93faa0a5ef,d0bde0ec0552c341e5ead1b4598d63352fb999a1674433bd60a7c7c3d3287ac0,9c306d57a391d92a493f0b9590b5ec0d2af7679ab1dc1116abab6b6253017763,100
V0D,V2b,off_diagonal,excitatory,9,9,9,2.354952069,-1.531494543,27.70757971,descriptive design grid within one frozen realization; ranges are not uncertainty intervals,1,conditional on one frozen realization; no sampling inference,2026-08-26T18:12:43.884305+00:00,publication-outputs-1.0.0,0950b556111bec172d56ad34fe3569f251832a44e44c7eb43f636e6af321a5a1,ac36628fef7684bc08672b4c0678d32822a62f1b86b86ed9e5e19afa29f97220,cf2fef52687428f0eab74fc123ceb2a36cb6d0fc70d5442d221c955a4753ae2f,a0b23907336269b78a7cfd2eb7057232c7afcf87129f8a4c9d0f5e93faa0a5ef,d0bde0ec0552c341e5ead1b4598d63352fb999a1674433bd60a7c7c3d3287ac0,9c306d57a391d92a493f0b9590b5ec0d2af7679ab1dc1116abab6b6253017763,100
V0V,RG,off_diagonal,excitatory,9,9,9,-0.5517017264,-24.43952046,11.22811534,descriptive design grid within one frozen realization; ranges are not uncertainty intervals,1,conditional on one frozen realization; no sampling inference,2026-08-26T18:12:43.884305+00:00,publication-outputs-1.0.0,0950b556111bec172d56ad34fe3569f251832a44e44c7eb43f636e6af321a5a1,ac36628fef7684bc08672b4c0678d32822a62f1b86b86ed9e5e19afa29f97220,cf2fef52687428f0eab74fc123ceb2a36cb6d0fc70d5442d221c955a4753ae2f,a0b23907336269b78a7cfd2eb7057232c7afcf87129f8a4c9d0f5e93faa0a5ef,d0bde0ec0552c341e5ead1b4598d63352fb999a1674433bd60a7c7c3d3287ac0,9c306d57a391d92a493f0b9590b5ec0d2af7679ab1dc1116abab6b6253017763,100
V0V,PF,off_diagonal,excitatory,9,9,9,-0.2218109467,-3.476873333,12.34179695,descriptive design grid within one frozen realization; ranges are not uncertainty intervals,1,conditional on one frozen realization; no sampling inference,2026-08-26T18:12:43.884305+00:00,publication-outputs-1.0.0,0950b556111bec172d56ad34fe3569f251832a44e44c7eb43f636e6af321a5a1,ac36628fef7684bc08672b4c0678d32822a62f1b86b86ed9e5e19afa29f97220,cf2fef52687428f0eab74fc123ceb2a36cb6d0fc70d5442d221c955a4753ae2f,a0b23907336269b78a7cfd2eb7057232c7afcf87129f8a4c9d0f5e93faa0a5ef,d0bde0ec0552c341e5ead1b4598d63352fb999a1674433bd60a7c7c3d3287ac0,9c306d57a391d92a493f0b9590b5ec0d2af7679ab1dc1116abab6b6253017763,100
V0V,MN,off_diagonal,excitatory,9,9,9,-0.2436320044,-18.29856122,8.008610472,descriptive design grid within one frozen realization; ranges are not uncertainty intervals,1,conditional on one frozen realization; no sampling inference,2026-08-26T18:12:43.884305+00:00,publication-outputs-1.0.0,0950b556111bec172d56ad34fe3569f251832a44e44c7eb43f636e6af321a5a1,ac36628fef7684bc08672b4c0678d32822a62f1b86b86ed9e5e19afa29f97220,cf2fef52687428f0eab74fc123ceb2a36cb6d0fc70d5442d221c955a4753ae2f,a0b23907336269b78a7cfd2eb7057232c7afcf87129f8a4c9d0f5e93faa0a5ef,d0bde0ec0552c341e5ead1b4598d63352fb999a1674433bd60a7c7c3d3287ac0,9c306d57a391d92a493f0b9590b5ec0d2af7679ab1dc1116abab6b6253017763,100
V0V,V0D,off_diagonal,excitatory,9,9,9,0.08713472171,-3.587981373,5.841623076,descriptive design grid within one frozen realization; ranges are not uncertainty intervals,1,conditional on one frozen realization; no sampling inference,2026-08-26T18:12:43.884305+00:00,publication-outputs-1.0.0,0950b556111bec172d56ad34fe3569f251832a44e44c7eb43f636e6af321a5a1,ac36628fef7684bc08672b4c0678d32822a62f1b86b86ed9e5e19afa29f97220,cf2fef52687428f0eab74fc123ceb2a36cb6d0fc70d5442d221c955a4753ae2f,a0b23907336269b78a7cfd2eb7057232c7afcf87129f8a4c9d0f5e93faa0a5ef,d0bde0ec0552c341e5ead1b4598d63352fb999a1674433bd60a7c7c3d3287ac0,9c306d57a391d92a493f0b9590b5ec0d2af7679ab1dc1116abab6b6253017763,100
V0V,V0V,diagonal,excitatory,9,9,9,-0.04881498003,-4.591250911,14.89459464,descriptive design grid within one frozen realization; ranges are not uncertainty intervals,1,conditional on one frozen realization; no sampling inference,2026-08-26T18:12:43.884305+00:00,publication-outputs-1.0.0,0950b556111bec172d56ad34fe3569f251832a44e44c7eb43f636e6af321a5a1,ac36628fef7684bc08672b4c0678d32822a62f1b86b86ed9e5e19afa29f97220,cf2fef52687428f0eab74fc123ceb2a36cb6d0fc70d5442d221c955a4753ae2f,a0b23907336269b78a7cfd2eb7057232c7afcf87129f8a4c9d0f5e93faa0a5ef,d0bde0ec0552c341e5ead1b4598d63352fb999a1674433bd60a7c7c3d3287ac0,9c306d57a391d92a493f0b9590b5ec0d2af7679ab1dc1116abab6b6253017763,100
V0V,V2a,off_diagonal,excitatory,9,9,9,0.01934910432,-5.377762328,8.775577728,descriptive design grid within one frozen realization; ranges are not uncertainty intervals,1,conditional on one frozen realization; no sampling inference,2026-08-26T18:12:43.884305+00:00,publication-outputs-1.0.0,0950b556111bec172d56ad34fe3569f251832a44e44c7eb43f636e6af321a5a1,ac36628fef7684bc08672b4c0678d32822a62f1b86b86ed9e5e19afa29f97220,cf2fef52687428f0eab74fc123ceb2a36cb6d0fc70d5442d221c955a4753ae2f,a0b23907336269b78a7cfd2eb7057232c7afcf87129f8a4c9d0f5e93faa0a5ef,d0bde0ec0552c341e5ead1b4598d63352fb999a1674433bd60a7c7c3d3287ac0,9c306d57a391d92a493f0b9590b5ec0d2af7679ab1dc1116abab6b6253017763,100
V0V,V3,off_diagonal,excitatory,9,9,9,0,-4.917457605,1.089149698,descriptive design grid within one frozen realization; ranges are not uncertainty intervals,1,conditional on one frozen realization; no sampling inference,2026-08-26T18:12:43.884305+00:00,publication-outputs-1.0.0,0950b556111bec172d56ad34fe3569f251832a44e44c7eb43f636e6af321a5a1,ac36628fef7684bc08672b4c0678d32822a62f1b86b86ed9e5e19afa29f97220,cf2fef52687428f0eab74fc123ceb2a36cb6d0fc70d5442d221c955a4753ae2f,a0b23907336269b78a7cfd2eb7057232c7afcf87129f8a4c9d0f5e93faa0a5ef,d0bde0ec0552c341e5ead1b4598d63352fb999a1674433bd60a7c7c3d3287ac0,9c306d57a391d92a493f0b9590b5ec0d2af7679ab1dc1116abab6b6253017763,100
V0V,V1Ia,off_diagonal,excitatory,9,9,9,-1.307168147,-7.848950125,12.81726857,descriptive design grid within one frozen realization; ranges are not uncertainty intervals,1,conditional on one frozen realization; no sampling inference,2026-08-26T18:12:43.884305+00:00,publication-outputs-1.0.0,0950b556111bec172d56ad34fe3569f251832a44e44c7eb43f636e6af321a5a1,ac36628fef7684bc08672b4c0678d32822a62f1b86b86ed9e5e19afa29f97220,cf2fef52687428f0eab74fc123ceb2a36cb6d0fc70d5442d221c955a4753ae2f,a0b23907336269b78a7cfd2eb7057232c7afcf87129f8a4c9d0f5e93faa0a5ef,d0bde0ec0552c341e5ead1b4598d63352fb999a1674433bd60a7c7c3d3287ac0,9c306d57a391d92a493f0b9590b5ec0d2af7679ab1dc1116abab6b6253017763,100
V0V,V1Ren,off_diagonal,excitatory,9,9,9,-0.0381376566,-4.336965862,17.39053614,descriptive design grid within one frozen realization; ranges are not uncertainty intervals,1,conditional on one frozen realization; no sampling inference,2026-08-26T18:12:43.884305+00:00,publication-outputs-1.0.0,0950b556111bec172d56ad34fe3569f251832a44e44c7eb43f636e6af321a5a1,ac36628fef7684bc08672b4c0678d32822a62f1b86b86ed9e5e19afa29f97220,cf2fef52687428f0eab74fc123ceb2a36cb6d0fc70d5442d221c955a4753ae2f,a0b23907336269b78a7cfd2eb7057232c7afcf87129f8a4c9d0f5e93faa0a5ef,d0bde0ec0552c341e5ead1b4598d63352fb999a1674433bd60a7c7c3d3287ac0,9c306d57a391d92a493f0b9590b5ec0d2af7679ab1dc1116abab6b6253017763,100
V0V,V2b,off_diagonal,excitatory,9,9,9,0.4237738222,-7.37597375,14.11780176,descriptive design grid within one frozen realization; ranges are not uncertainty intervals,1,conditional on one frozen realization; no sampling inference,2026-08-26T18:12:43.884305+00:00,publication-outputs-1.0.0,0950b556111bec172d56ad34fe3569f251832a44e44c7eb43f636e6af321a5a1,ac36628fef7684bc08672b4c0678d32822a62f1b86b86ed9e5e19afa29f97220,cf2fef52687428f0eab74fc123ceb2a36cb6d0fc70d5442d221c955a4753ae2f,a0b23907336269b78a7cfd2eb7057232c7afcf87129f8a4c9d0f5e93faa0a5ef,d0bde0ec0552c341e5ead1b4598d63352fb999a1674433bd60a7c7c3d3287ac0,9c306d57a391d92a493f0b9590b5ec0d2af7679ab1dc1116abab6b6253017763,100
V2a,RG,off_diagonal,excitatory,9,9,9,-0.1829780212,-27.21727631,11.57105262,descriptive design grid within one frozen realization; ranges are not uncertainty intervals,1,conditional on one frozen realization; no sampling inference,2026-08-26T18:12:43.884305+00:00,publication-outputs-1.0.0,0950b556111bec172d56ad34fe3569f251832a44e44c7eb43f636e6af321a5a1,ac36628fef7684bc08672b4c0678d32822a62f1b86b86ed9e5e19afa29f97220,cf2fef52687428f0eab74fc123ceb2a36cb6d0fc70d5442d221c955a4753ae2f,a0b23907336269b78a7cfd2eb7057232c7afcf87129f8a4c9d0f5e93faa0a5ef,d0bde0ec0552c341e5ead1b4598d63352fb999a1674433bd60a7c7c3d3287ac0,9c306d57a391d92a493f0b9590b5ec0d2af7679ab1dc1116abab6b6253017763,100
V2a,PF,off_diagonal,excitatory,9,9,9,-0.05203803296,-6.535631713,12.59173608,descriptive design grid within one frozen realization; ranges are not uncertainty intervals,1,conditional on one frozen realization; no sampling inference,2026-08-26T18:12:43.884305+00:00,publication-outputs-1.0.0,0950b556111bec172d56ad34fe3569f251832a44e44c7eb43f636e6af321a5a1,ac36628fef7684bc08672b4c0678d32822a62f1b86b86ed9e5e19afa29f97220,cf2fef52687428f0eab74fc123ceb2a36cb6d0fc70d5442d221c955a4753ae2f,a0b23907336269b78a7cfd2eb7057232c7afcf87129f8a4c9d0f5e93faa0a5ef,d0bde0ec0552c341e5ead1b4598d63352fb999a1674433bd60a7c7c3d3287ac0,9c306d57a391d92a493f0b9590b5ec0d2af7679ab1dc1116abab6b6253017763,100
V2a,MN,off_diagonal,excitatory,9,9,9,-0.1804491679,-11.85532995,8.091418611,descriptive design grid within one frozen realization; ranges are not uncertainty intervals,1,conditional on one frozen realization; no sampling inference,2026-08-26T18:12:43.884305+00:00,publication-outputs-1.0.0,0950b556111bec172d56ad34fe3569f251832a44e44c7eb43f636e6af321a5a1,ac36628fef7684bc08672b4c0678d32822a62f1b86b86ed9e5e19afa29f97220,cf2fef52687428f0eab74fc123ceb2a36cb6d0fc70d5442d221c955a4753ae2f,a0b23907336269b78a7cfd2eb7057232c7afcf87129f8a4c9d0f5e93faa0a5ef,d0bde0ec0552c341e5ead1b4598d63352fb999a1674433bd60a7c7c3d3287ac0,9c306d57a391d92a493f0b9590b5ec0d2af7679ab1dc1116abab6b6253017763,100
V2a,V0D,off_diagonal,excitatory,9,9,9,0.08238477173,-2.110227615,5.775997308,descriptive design grid within one frozen realization; ranges are not uncertainty intervals,1,conditional on one frozen realization; no sampling inference,2026-08-26T18:12:43.884305+00:00,publication-outputs-1.0.0,0950b556111bec172d56ad34fe3569f251832a44e44c7eb43f636e6af321a5a1,ac36628fef7684bc08672b4c0678d32822a62f1b86b86ed9e5e19afa29f97220,cf2fef52687428f0eab74fc123ceb2a36cb6d0fc70d5442d221c955a4753ae2f,a0b23907336269b78a7cfd2eb7057232c7afcf87129f8a4c9d0f5e93faa0a5ef,d0bde0ec0552c341e5ead1b4598d63352fb999a1674433bd60a7c7c3d3287ac0,9c306d57a391d92a493f0b9590b5ec0d2af7679ab1dc1116abab6b6253017763,100
V2a,V0V,off_diagonal,excitatory,9,9,9,-0.04881498003,-4.591250911,14.89459464,descriptive design grid within one frozen realization; ranges are not uncertainty intervals,1,conditional on one frozen realization; no sampling inference,2026-08-26T18:12:43.884305+00:00,publication-outputs-1.0.0,0950b556111bec172d56ad34fe3569f251832a44e44c7eb43f636e6af321a5a1,ac36628fef7684bc08672b4c0678d32822a62f1b86b86ed9e5e19afa29f97220,cf2fef52687428f0eab74fc123ceb2a36cb6d0fc70d5442d221c955a4753ae2f,a0b23907336269b78a7cfd2eb7057232c7afcf87129f8a4c9d0f5e93faa0a5ef,d0bde0ec0552c341e5ead1b4598d63352fb999a1674433bd60a7c7c3d3287ac0,9c306d57a391d92a493f0b9590b5ec0d2af7679ab1dc1116abab6b6253017763,100
V2a,V2a,diagonal,excitatory,9,9,9,0.2902632994,-5.326276511,5.622391402,descriptive design grid within one frozen realization; ranges are not uncertainty intervals,1,conditional on one frozen realization; no sampling inference,2026-08-26T18:12:43.884305+00:00,publication-outputs-1.0.0,0950b556111bec172d56ad34fe3569f251832a44e44c7eb43f636e6af321a5a1,ac36628fef7684bc08672b4c0678d32822a62f1b86b86ed9e5e19afa29f97220,cf2fef52687428f0eab74fc123ceb2a36cb6d0fc70d5442d221c955a4753ae2f,a0b23907336269b78a7cfd2eb7057232c7afcf87129f8a4c9d0f5e93faa0a5ef,d0bde0ec0552c341e5ead1b4598d63352fb999a1674433bd60a7c7c3d3287ac0,9c306d57a391d92a493f0b9590b5ec0d2af7679ab1dc1116abab6b6253017763,100
V2a,V3,off_diagonal,excitatory,9,9,9,0,-4.848099535,0.7525519858,descriptive design grid within one frozen realization; ranges are not uncertainty intervals,1,conditional on one frozen realization; no sampling inference,2026-08-26T18:12:43.884305+00:00,publication-outputs-1.0.0,0950b556111bec172d56ad34fe3569f251832a44e44c7eb43f636e6af321a5a1,ac36628fef7684bc08672b4c0678d32822a62f1b86b86ed9e5e19afa29f97220,cf2fef52687428f0eab74fc123ceb2a36cb6d0fc70d5442d221c955a4753ae2f,a0b23907336269b78a7cfd2eb7057232c7afcf87129f8a4c9d0f5e93faa0a5ef,d0bde0ec0552c341e5ead1b4598d63352fb999a1674433bd60a7c7c3d3287ac0,9c306d57a391d92a493f0b9590b5ec0d2af7679ab1dc1116abab6b6253017763,100
V2a,V1Ia,off_diagonal,excitatory,9,9,9,-0.615644368,-10.56665136,12.77703699,descriptive design grid within one frozen realization; ranges are not uncertainty intervals,1,conditional on one frozen realization; no sampling inference,2026-08-26T18:12:43.884305+00:00,publication-outputs-1.0.0,0950b556111bec172d56ad34fe3569f251832a44e44c7eb43f636e6af321a5a1,ac36628fef7684bc08672b4c0678d32822a62f1b86b86ed9e5e19afa29f97220,cf2fef52687428f0eab74fc123ceb2a36cb6d0fc70d5442d221c955a4753ae2f,a0b23907336269b78a7cfd2eb7057232c7afcf87129f8a4c9d0f5e93faa0a5ef,d0bde0ec0552c341e5ead1b4598d63352fb999a1674433bd60a7c7c3d3287ac0,9c306d57a391d92a493f0b9590b5ec0d2af7679ab1dc1116abab6b6253017763,100
V2a,V1Ren,off_diagonal,excitatory,9,9,9,-0.1225899586,-15.19894113,12.2928514,descriptive design grid within one frozen realization; ranges are not uncertainty intervals,1,conditional on one frozen realization; no sampling inference,2026-08-26T18:12:43.884305+00:00,publication-outputs-1.0.0,0950b556111bec172d56ad34fe3569f251832a44e44c7eb43f636e6af321a5a1,ac36628fef7684bc08672b4c0678d32822a62f1b86b86ed9e5e19afa29f97220,cf2fef52687428f0eab74fc123ceb2a36cb6d0fc70d5442d221c955a4753ae2f,a0b23907336269b78a7cfd2eb7057232c7afcf87129f8a4c9d0f5e93faa0a5ef,d0bde0ec0552c341e5ead1b4598d63352fb999a1674433bd60a7c7c3d3287ac0,9c306d57a391d92a493f0b9590b5ec0d2af7679ab1dc1116abab6b6253017763,100
V2a,V2b,off_diagonal,excitatory,9,9,9,0.4872481047,-8.938489751,19.77185878,descriptive design grid within one frozen realization; ranges are not uncertainty intervals,1,conditional on one frozen realization; no sampling inference,2026-08-26T18:12:43.884305+00:00,publication-outputs-1.0.0,0950b556111bec172d56ad34fe3569f251832a44e44c7eb43f636e6af321a5a1,ac36628fef7684bc08672b4c0678d32822a62f1b86b86ed9e5e19afa29f97220,cf2fef52687428f0eab74fc123ceb2a36cb6d0fc70d5442d221c955a4753ae2f,a0b23907336269b78a7cfd2eb7057232c7afcf87129f8a4c9d0f5e93faa0a5ef,d0bde0ec0552c341e5ead1b4598d63352fb999a1674433bd60a7c7c3d3287ac0,9c306d57a391d92a493f0b9590b5ec0d2af7679ab1dc1116abab6b6253017763,100
V3,RG,off_diagonal,excitatory,9,9,9,-2.423641278,-21.90776624,3.971913381,descriptive design grid within one frozen realization; ranges are not uncertainty intervals,1,conditional on one frozen realization; no sampling inference,2026-08-26T18:12:43.884305+00:00,publication-outputs-1.0.0,0950b556111bec172d56ad34fe3569f251832a44e44c7eb43f636e6af321a5a1,ac36628fef7684bc08672b4c0678d32822a62f1b86b86ed9e5e19afa29f97220,cf2fef52687428f0eab74fc123ceb2a36cb6d0fc70d5442d221c955a4753ae2f,a0b23907336269b78a7cfd2eb7057232c7afcf87129f8a4c9d0f5e93faa0a5ef,d0bde0ec0552c341e5ead1b4598d63352fb999a1674433bd60a7c7c3d3287ac0,9c306d57a391d92a493f0b9590b5ec0d2af7679ab1dc1116abab6b6253017763,100
V3,PF,off_diagonal,excitatory,9,9,9,-0.299665618,-11.45046187,10.1531341,descriptive design grid within one frozen realization; ranges are not uncertainty intervals,1,conditional on one frozen realization; no sampling inference,2026-08-26T18:12:43.884305+00:00,publication-outputs-1.0.0,0950b556111bec172d56ad34fe3569f251832a44e44c7eb43f636e6af321a5a1,ac36628fef7684bc08672b4c0678d32822a62f1b86b86ed9e5e19afa29f97220,cf2fef52687428f0eab74fc123ceb2a36cb6d0fc70d5442d221c955a4753ae2f,a0b23907336269b78a7cfd2eb7057232c7afcf87129f8a4c9d0f5e93faa0a5ef,d0bde0ec0552c341e5ead1b4598d63352fb999a1674433bd60a7c7c3d3287ac0,9c306d57a391d92a493f0b9590b5ec0d2af7679ab1dc1116abab6b6253017763,100
V3,MN,off_diagonal,excitatory,9,9,9,-0.2323485306,-5.250911136,1.524396139,descriptive design grid within one frozen realization; ranges are not uncertainty intervals,1,conditional on one frozen realization; no sampling inference,2026-08-26T18:12:43.884305+00:00,publication-outputs-1.0.0,0950b556111bec172d56ad34fe3569f251832a44e44c7eb43f636e6af321a5a1,ac36628fef7684bc08672b4c0678d32822a62f1b86b86ed9e5e19afa29f97220,cf2fef52687428f0eab74fc123ceb2a36cb6d0fc70d5442d221c955a4753ae2f,a0b23907336269b78a7cfd2eb7057232c7afcf87129f8a4c9d0f5e93faa0a5ef,d0bde0ec0552c341e5ead1b4598d63352fb999a1674433bd60a7c7c3d3287ac0,9c306d57a391d92a493f0b9590b5ec0d2af7679ab1dc1116abab6b6253017763,100
V3,V0D,off_diagonal,excitatory,9,9,9,0.02168301255,-8.705073745,10.11066495,descriptive design grid within one frozen realization; ranges are not uncertainty intervals,1,conditional on one frozen realization; no sampling inference,2026-08-26T18:12:43.884305+00:00,publication-outputs-1.0.0,0950b556111bec172d56ad34fe3569f251832a44e44c7eb43f636e6af321a5a1,ac36628fef7684bc08672b4c0678d32822a62f1b86b86ed9e5e19afa29f97220,cf2fef52687428f0eab74fc123ceb2a36cb6d0fc70d5442d221c955a4753ae2f,a0b23907336269b78a7cfd2eb7057232c7afcf87129f8a4c9d0f5e93faa0a5ef,d0bde0ec0552c341e5ead1b4598d63352fb999a1674433bd60a7c7c3d3287ac0,9c306d57a391d92a493f0b9590b5ec0d2af7679ab1dc1116abab6b6253017763,100
V3,V0V,off_diagonal,excitatory,9,9,9,-0.3792437244,-7.99265881,5.356964791,descriptive design grid within one frozen realization; ranges are not uncertainty intervals,1,conditional on one frozen realization; no sampling inference,2026-08-26T18:12:43.884305+00:00,publication-outputs-1.0.0,0950b556111bec172d56ad34fe3569f251832a44e44c7eb43f636e6af321a5a1,ac36628fef7684bc08672b4c0678d32822a62f1b86b86ed9e5e19afa29f97220,cf2fef52687428f0eab74fc123ceb2a36cb6d0fc70d5442d221c955a4753ae2f,a0b23907336269b78a7cfd2eb7057232c7afcf87129f8a4c9d0f5e93faa0a5ef,d0bde0ec0552c341e5ead1b4598d63352fb999a1674433bd60a7c7c3d3287ac0,9c306d57a391d92a493f0b9590b5ec0d2af7679ab1dc1116abab6b6253017763,100
V3,V2a,off_diagonal,excitatory,9,9,9,-0.3417710559,-20.25932227,3.645066138,descriptive design grid within one frozen realization; ranges are not uncertainty intervals,1,conditional on one frozen realization; no sampling inference,2026-08-26T18:12:43.884305+00:00,publication-outputs-1.0.0,0950b556111bec172d56ad34fe3569f251832a44e44c7eb43f636e6af321a5a1,ac36628fef7684bc08672b4c0678d32822a62f1b86b86ed9e5e19afa29f97220,cf2fef52687428f0eab74fc123ceb2a36cb6d0fc70d5442d221c955a4753ae2f,a0b23907336269b78a7cfd2eb7057232c7afcf87129f8a4c9d0f5e93faa0a5ef,d0bde0ec0552c341e5ead1b4598d63352fb999a1674433bd60a7c7c3d3287ac0,9c306d57a391d92a493f0b9590b5ec0d2af7679ab1dc1116abab6b6253017763,100
V3,V3,diagonal,excitatory,9,9,9,0,-4.628985039,0.6034253864,descriptive design grid within one frozen realization; ranges are not uncertainty intervals,1,conditional on one frozen realization; no sampling inference,2026-08-26T18:12:43.884305+00:00,publication-outputs-1.0.0,0950b556111bec172d56ad34fe3569f251832a44e44c7eb43f636e6af321a5a1,ac36628fef7684bc08672b4c0678d32822a62f1b86b86ed9e5e19afa29f97220,cf2fef52687428f0eab74fc123ceb2a36cb6d0fc70d5442d221c955a4753ae2f,a0b23907336269b78a7cfd2eb7057232c7afcf87129f8a4c9d0f5e93faa0a5ef,d0bde0ec0552c341e5ead1b4598d63352fb999a1674433bd60a7c7c3d3287ac0,9c306d57a391d92a493f0b9590b5ec0d2af7679ab1dc1116abab6b6253017763,100
V3,V1Ia,off_diagonal,excitatory,9,9,9,-1.411153408,-12.53402139,1.447841005,descriptive design grid within one frozen realization; ranges are not uncertainty intervals,1,conditional on one frozen realization; no sampling inference,2026-08-26T18:12:43.884305+00:00,publication-outputs-1.0.0,0950b556111bec172d56ad34fe3569f251832a44e44c7eb43f636e6af321a5a1,ac36628fef7684bc08672b4c0678d32822a62f1b86b86ed9e5e19afa29f97220,cf2fef52687428f0eab74fc123ceb2a36cb6d0fc70d5442d221c955a4753ae2f,a0b23907336269b78a7cfd2eb7057232c7afcf87129f8a4c9d0f5e93faa0a5ef,d0bde0ec0552c341e5ead1b4598d63352fb999a1674433bd60a7c7c3d3287ac0,9c306d57a391d92a493f0b9590b5ec0d2af7679ab1dc1116abab6b6253017763,100
V3,V1Ren,off_diagonal,excitatory,9,9,9,-0.1942212154,-12.77917525,15.14918923,descriptive design grid within one frozen realization; ranges are not uncertainty intervals,1,conditional on one frozen realization; no sampling inference,2026-08-26T18:12:43.884305+00:00,publication-outputs-1.0.0,0950b556111bec172d56ad34fe3569f251832a44e44c7eb43f636e6af321a5a1,ac36628fef7684bc08672b4c0678d32822a62f1b86b86ed9e5e19afa29f97220,cf2fef52687428f0eab74fc123ceb2a36cb6d0fc70d5442d221c955a4753ae2f,a0b23907336269b78a7cfd2eb7057232c7afcf87129f8a4c9d0f5e93faa0a5ef,d0bde0ec0552c341e5ead1b4598d63352fb999a1674433bd60a7c7c3d3287ac0,9c306d57a391d92a493f0b9590b5ec0d2af7679ab1dc1116abab6b6253017763,100
V3,V2b,off_diagonal,excitatory,9,9,9,-0.2411399252,-8.02198734,11.69159458,descriptive design grid within one frozen realization; ranges are not uncertainty intervals,1,conditional on one frozen realization; no sampling inference,2026-08-26T18:12:43.884305+00:00,publication-outputs-1.0.0,0950b556111bec172d56ad34fe3569f251832a44e44c7eb43f636e6af321a5a1,ac36628fef7684bc08672b4c0678d32822a62f1b86b86ed9e5e19afa29f97220,cf2fef52687428f0eab74fc123ceb2a36cb6d0fc70d5442d221c955a4753ae2f,a0b23907336269b78a7cfd2eb7057232c7afcf87129f8a4c9d0f5e93faa0a5ef,d0bde0ec0552c341e5ead1b4598d63352fb999a1674433bd60a7c7c3d3287ac0,9c306d57a391d92a493f0b9590b5ec0d2af7679ab1dc1116abab6b6253017763,100
V1Ia,RG,off_diagonal,excitatory,9,9,9,4.951488619,-37.01887692,12.7560351,descriptive design grid within one frozen realization; ranges are not uncertainty intervals,1,conditional on one frozen realization; no sampling inference,2026-08-26T18:12:43.884305+00:00,publication-outputs-1.0.0,0950b556111bec172d56ad34fe3569f251832a44e44c7eb43f636e6af321a5a1,ac36628fef7684bc08672b4c0678d32822a62f1b86b86ed9e5e19afa29f97220,cf2fef52687428f0eab74fc123ceb2a36cb6d0fc70d5442d221c955a4753ae2f,a0b23907336269b78a7cfd2eb7057232c7afcf87129f8a4c9d0f5e93faa0a5ef,d0bde0ec0552c341e5ead1b4598d63352fb999a1674433bd60a7c7c3d3287ac0,9c306d57a391d92a493f0b9590b5ec0d2af7679ab1dc1116abab6b6253017763,100
V1Ia,PF,off_diagonal,excitatory,9,9,9,-0.02364516252,-5.85211782,14.280437,descriptive design grid within one frozen realization; ranges are not uncertainty intervals,1,conditional on one frozen realization; no sampling inference,2026-08-26T18:12:43.884305+00:00,publication-outputs-1.0.0,0950b556111bec172d56ad34fe3569f251832a44e44c7eb43f636e6af321a5a1,ac36628fef7684bc08672b4c0678d32822a62f1b86b86ed9e5e19afa29f97220,cf2fef52687428f0eab74fc123ceb2a36cb6d0fc70d5442d221c955a4753ae2f,a0b23907336269b78a7cfd2eb7057232c7afcf87129f8a4c9d0f5e93faa0a5ef,d0bde0ec0552c341e5ead1b4598d63352fb999a1674433bd60a7c7c3d3287ac0,9c306d57a391d92a493f0b9590b5ec0d2af7679ab1dc1116abab6b6253017763,100
V1Ia,MN,off_diagonal,excitatory,9,9,9,-0.1418366257,-11.16366843,8.091418611,descriptive design grid within one frozen realization; ranges are not uncertainty intervals,1,conditional on one frozen realization; no sampling inference,2026-08-26T18:12:43.884305+00:00,publication-outputs-1.0.0,0950b556111bec172d56ad34fe3569f251832a44e44c7eb43f636e6af321a5a1,ac36628fef7684bc08672b4c0678d32822a62f1b86b86ed9e5e19afa29f97220,cf2fef52687428f0eab74fc123ceb2a36cb6d0fc70d5442d221c955a4753ae2f,a0b23907336269b78a7cfd2eb7057232c7afcf87129f8a4c9d0f5e93faa0a5ef,d0bde0ec0552c341e5ead1b4598d63352fb999a1674433bd60a7c7c3d3287ac0,9c306d57a391d92a493f0b9590b5ec0d2af7679ab1dc1116abab6b6253017763,100
V1Ia,V0D,off_diagonal,excitatory,9,9,9,-0.04242283793,-7.849788914,8.515793122,descriptive design grid within one frozen realization; ranges are not uncertainty intervals,1,conditional on one frozen realization; no sampling inference,2026-08-26T18:12:43.884305+00:00,publication-outputs-1.0.0,0950b556111bec172d56ad34fe3569f251832a44e44c7eb43f636e6af321a5a1,ac36628fef7684bc08672b4c0678d32822a62f1b86b86ed9e5e19afa29f97220,cf2fef52687428f0eab74fc123ceb2a36cb6d0fc70d5442d221c955a4753ae2f,a0b23907336269b78a7cfd2eb7057232c7afcf87129f8a4c9d0f5e93faa0a5ef,d0bde0ec0552c341e5ead1b4598d63352fb999a1674433bd60a7c7c3d3287ac0,9c306d57a391d92a493f0b9590b5ec0d2af7679ab1dc1116abab6b6253017763,100
V1Ia,V0V,off_diagonal,excitatory,9,9,9,-0.04881498003,-4.591250911,14.89459464,descriptive design grid within one frozen realization; ranges are not uncertainty intervals,1,conditional on one frozen realization; no sampling inference,2026-08-26T18:12:43.884305+00:00,publication-outputs-1.0.0,0950b556111bec172d56ad34fe3569f251832a44e44c7eb43f636e6af321a5a1,ac36628fef7684bc08672b4c0678d32822a62f1b86b86ed9e5e19afa29f97220,cf2fef52687428f0eab74fc123ceb2a36cb6d0fc70d5442d221c955a4753ae2f,a0b23907336269b78a7cfd2eb7057232c7afcf87129f8a4c9d0f5e93faa0a5ef,d0bde0ec0552c341e5ead1b4598d63352fb999a1674433bd60a7c7c3d3287ac0,9c306d57a391d92a493f0b9590b5ec0d2af7679ab1dc1116abab6b6253017763,100
V1Ia,V2a,off_diagonal,excitatory,9,9,9,0.2902632994,-5.326276511,5.622391402,descriptive design grid within one frozen realization; ranges are not uncertainty intervals,1,conditional on one frozen realization; no sampling inference,2026-08-26T18:12:43.884305+00:00,publication-outputs-1.0.0,0950b556111bec172d56ad34fe3569f251832a44e44c7eb43f636e6af321a5a1,ac36628fef7684bc08672b4c0678d32822a62f1b86b86ed9e5e19afa29f97220,cf2fef52687428f0eab74fc123ceb2a36cb6d0fc70d5442d221c955a4753ae2f,a0b23907336269b78a7cfd2eb7057232c7afcf87129f8a4c9d0f5e93faa0a5ef,d0bde0ec0552c341e5ead1b4598d63352fb999a1674433bd60a7c7c3d3287ac0,9c306d57a391d92a493f0b9590b5ec0d2af7679ab1dc1116abab6b6253017763,100
V1Ia,V3,off_diagonal,excitatory,9,9,9,0,-4.628985039,0.6034253864,descriptive design grid within one frozen realization; ranges are not uncertainty intervals,1,conditional on one frozen realization; no sampling inference,2026-08-26T18:12:43.884305+00:00,publication-outputs-1.0.0,0950b556111bec172d56ad34fe3569f251832a44e44c7eb43f636e6af321a5a1,ac36628fef7684bc08672b4c0678d32822a62f1b86b86ed9e5e19afa29f97220,cf2fef52687428f0eab74fc123ceb2a36cb6d0fc70d5442d221c955a4753ae2f,a0b23907336269b78a7cfd2eb7057232c7afcf87129f8a4c9d0f5e93faa0a5ef,d0bde0ec0552c341e5ead1b4598d63352fb999a1674433bd60a7c7c3d3287ac0,9c306d57a391d92a493f0b9590b5ec0d2af7679ab1dc1116abab6b6253017763,100
V1Ia,V1Ia,diagonal,excitatory,9,9,9,-0.6024481381,-9.150176688,12.79642834,descriptive design grid within one frozen realization; ranges are not uncertainty intervals,1,conditional on one frozen realization; no sampling inference,2026-08-26T18:12:43.884305+00:00,publication-outputs-1.0.0,0950b556111bec172d56ad34fe3569f251832a44e44c7eb43f636e6af321a5a1,ac36628fef7684bc08672b4c0678d32822a62f1b86b86ed9e5e19afa29f97220,cf2fef52687428f0eab74fc123ceb2a36cb6d0fc70d5442d221c955a4753ae2f,a0b23907336269b78a7cfd2eb7057232c7afcf87129f8a4c9d0f5e93faa0a5ef,d0bde0ec0552c341e5ead1b4598d63352fb999a1674433bd60a7c7c3d3287ac0,9c306d57a391d92a493f0b9590b5ec0d2af7679ab1dc1116abab6b6253017763,100
V1Ia,V1Ren,off_diagonal,excitatory,9,9,9,-0.1093937287,-10.386384,14.67401801,descriptive design grid within one frozen realization; ranges are not uncertainty intervals,1,conditional on one frozen realization; no sampling inference,2026-08-26T18:12:43.884305+00:00,publication-outputs-1.0.0,0950b556111bec172d56ad34fe3569f251832a44e44c7eb43f636e6af321a5a1,ac36628fef7684bc08672b4c0678d32822a62f1b86b86ed9e5e19afa29f97220,cf2fef52687428f0eab74fc123ceb2a36cb6d0fc70d5442d221c955a4753ae2f,a0b23907336269b78a7cfd2eb7057232c7afcf87129f8a4c9d0f5e93faa0a5ef,d0bde0ec0552c341e5ead1b4598d63352fb999a1674433bd60a7c7c3d3287ac0,9c306d57a391d92a493f0b9590b5ec0d2af7679ab1dc1116abab6b6253017763,100
V1Ia,V2b,off_diagonal,excitatory,9,9,9,-4.05417535,-8.46260275,5.6944336,descriptive design grid within one frozen realization; ranges are not uncertainty intervals,1,conditional on one frozen realization; no sampling inference,2026-08-26T18:12:43.884305+00:00,publication-outputs-1.0.0,0950b556111bec172d56ad34fe3569f251832a44e44c7eb43f636e6af321a5a1,ac36628fef7684bc08672b4c0678d32822a62f1b86b86ed9e5e19afa29f97220,cf2fef52687428f0eab74fc123ceb2a36cb6d0fc70d5442d221c955a4753ae2f,a0b23907336269b78a7cfd2eb7057232c7afcf87129f8a4c9d0f5e93faa0a5ef,d0bde0ec0552c341e5ead1b4598d63352fb999a1674433bd60a7c7c3d3287ac0,9c306d57a391d92a493f0b9590b5ec0d2af7679ab1dc1116abab6b6253017763,100
V1Ren,RG,off_diagonal,excitatory,9,9,9,-1.402498874,-26.74266029,22.87829092,descriptive design grid within one frozen realization; ranges are not uncertainty intervals,1,conditional on one frozen realization; no sampling inference,2026-08-26T18:12:43.884305+00:00,publication-outputs-1.0.0,0950b556111bec172d56ad34fe3569f251832a44e44c7eb43f636e6af321a5a1,ac36628fef7684bc08672b4c0678d32822a62f1b86b86ed9e5e19afa29f97220,cf2fef52687428f0eab74fc123ceb2a36cb6d0fc70d5442d221c955a4753ae2f,a0b23907336269b78a7cfd2eb7057232c7afcf87129f8a4c9d0f5e93faa0a5ef,d0bde0ec0552c341e5ead1b4598d63352fb999a1674433bd60a7c7c3d3287ac0,9c306d57a391d92a493f0b9590b5ec0d2af7679ab1dc1116abab6b6253017763,100
V1Ren,PF,off_diagonal,excitatory,9,9,9,-0.04841548048,-5.011202776,18.15367879,descriptive design grid within one frozen realization; ranges are not uncertainty intervals,1,conditional on one frozen realization; no sampling inference,2026-08-26T18:12:43.884305+00:00,publication-outputs-1.0.0,0950b556111bec172d56ad34fe3569f251832a44e44c7eb43f636e6af321a5a1,ac36628fef7684bc08672b4c0678d32822a62f1b86b86ed9e5e19afa29f97220,cf2fef52687428f0eab74fc123ceb2a36cb6d0fc70d5442d221c955a4753ae2f,a0b23907336269b78a7cfd2eb7057232c7afcf87129f8a4c9d0f5e93faa0a5ef,d0bde0ec0552c341e5ead1b4598d63352fb999a1674433bd60a7c7c3d3287ac0,9c306d57a391d92a493f0b9590b5ec0d2af7679ab1dc1116abab6b6253017763,100
V1Ren,MN,off_diagonal,excitatory,9,9,9,-0.1418366257,-8.602970838,8.063083853,descriptive design grid within one frozen realization; ranges are not uncertainty intervals,1,conditional on one frozen realization; no sampling inference,2026-08-26T18:12:43.884305+00:00,publication-outputs-1.0.0,0950b556111bec172d56ad34fe3569f251832a44e44c7eb43f636e6af321a5a1,ac36628fef7684bc08672b4c0678d32822a62f1b86b86ed9e5e19afa29f97220,cf2fef52687428f0eab74fc123ceb2a36cb6d0fc70d5442d221c955a4753ae2f,a0b23907336269b78a7cfd2eb7057232c7afcf87129f8a4c9d0f5e93faa0a5ef,d0bde0ec0552c341e5ead1b4598d63352fb999a1674433bd60a7c7c3d3287ac0,9c306d57a391d92a493f0b9590b5ec0d2af7679ab1dc1116abab6b6253017763,100
V1Ren,V0D,off_diagonal,excitatory,9,9,9,0.1110534329,-5.137829231,18.2981349,descriptive design grid within one frozen realization; ranges are not uncertainty intervals,1,conditional on one frozen realization; no sampling inference,2026-08-26T18:12:43.884305+00:00,publication-outputs-1.0.0,0950b556111bec172d56ad34fe3569f251832a44e44c7eb43f636e6af321a5a1,ac36628fef7684bc08672b4c0678d32822a62f1b86b86ed9e5e19afa29f97220,cf2fef52687428f0eab74fc123ceb2a36cb6d0fc70d5442d221c955a4753ae2f,a0b23907336269b78a7cfd2eb7057232c7afcf87129f8a4c9d0f5e93faa0a5ef,d0bde0ec0552c341e5ead1b4598d63352fb999a1674433bd60a7c7c3d3287ac0,9c306d57a391d92a493f0b9590b5ec0d2af7679ab1dc1116abab6b6253017763,100
V1Ren,V0V,off_diagonal,excitatory,9,9,9,0.2715792757,-5.839275287,12.41300573,descriptive design grid within one frozen realization; ranges are not uncertainty intervals,1,conditional on one frozen realization; no sampling inference,2026-08-26T18:12:43.884305+00:00,publication-outputs-1.0.0,0950b556111bec172d56ad34fe3569f251832a44e44c7eb43f636e6af321a5a1,ac36628fef7684bc08672b4c0678d32822a62f1b86b86ed9e5e19afa29f97220,cf2fef52687428f0eab74fc123ceb2a36cb6d0fc70d5442d221c955a4753ae2f,a0b23907336269b78a7cfd2eb7057232c7afcf87129f8a4c9d0f5e93faa0a5ef,d0bde0ec0552c341e5ead1b4598d63352fb999a1674433bd60a7c7c3d3287ac0,9c306d57a391d92a493f0b9590b5ec0d2af7679ab1dc1116abab6b6253017763,100
V1Ren,V2a,off_diagonal,excitatory,9,9,9,1.691950596,-9.575483058,9.070323164,descriptive design grid within one frozen realization; ranges are not uncertainty intervals,1,conditional on one frozen realization; no sampling inference,2026-08-26T18:12:43.884305+00:00,publication-outputs-1.0.0,0950b556111bec172d56ad34fe3569f251832a44e44c7eb43f636e6af321a5a1,ac36628fef7684bc08672b4c0678d32822a62f1b86b86ed9e5e19afa29f97220,cf2fef52687428f0eab74fc123ceb2a36cb6d0fc70d5442d221c955a4753ae2f,a0b23907336269b78a7cfd2eb7057232c7afcf87129f8a4c9d0f5e93faa0a5ef,d0bde0ec0552c341e5ead1b4598d63352fb999a1674433bd60a7c7c3d3287ac0,9c306d57a391d92a493f0b9590b5ec0d2af7679ab1dc1116abab6b6253017763,100
V1Ren,V3,off_diagonal,excitatory,9,9,9,0,-5.143723746,22.61374225,descriptive design grid within one frozen realization; ranges are not uncertainty intervals,1,conditional on one frozen realization; no sampling inference,2026-08-26T18:12:43.884305+00:00,publication-outputs-1.0.0,0950b556111bec172d56ad34fe3569f251832a44e44c7eb43f636e6af321a5a1,ac36628fef7684bc08672b4c0678d32822a62f1b86b86ed9e5e19afa29f97220,cf2fef52687428f0eab74fc123ceb2a36cb6d0fc70d5442d221c955a4753ae2f,a0b23907336269b78a7cfd2eb7057232c7afcf87129f8a4c9d0f5e93faa0a5ef,d0bde0ec0552c341e5ead1b4598d63352fb999a1674433bd60a7c7c3d3287ac0,9c306d57a391d92a493f0b9590b5ec0d2af7679ab1dc1116abab6b6253017763,100
V1Ren,V1Ia,off_diagonal,excitatory,9,9,9,-5.560508552,-7.60664351,17.68194565,descriptive design grid within one frozen realization; ranges are not uncertainty intervals,1,conditional on one frozen realization; no sampling inference,2026-08-26T18:12:43.884305+00:00,publication-outputs-1.0.0,0950b556111bec172d56ad34fe3569f251832a44e44c7eb43f636e6af321a5a1,ac36628fef7684bc08672b4c0678d32822a62f1b86b86ed9e5e19afa29f97220,cf2fef52687428f0eab74fc123ceb2a36cb6d0fc70d5442d221c955a4753ae2f,a0b23907336269b78a7cfd2eb7057232c7afcf87129f8a4c9d0f5e93faa0a5ef,d0bde0ec0552c341e5ead1b4598d63352fb999a1674433bd60a7c7c3d3287ac0,9c306d57a391d92a493f0b9590b5ec0d2af7679ab1dc1116abab6b6253017763,100
V1Ren,V1Ren,diagonal,excitatory,9,9,9,-0.1093937287,-10.386384,14.67401801,descriptive design grid within one frozen realization; ranges are not uncertainty intervals,1,conditional on one frozen realization; no sampling inference,2026-08-26T18:12:43.884305+00:00,publication-outputs-1.0.0,0950b556111bec172d56ad34fe3569f251832a44e44c7eb43f636e6af321a5a1,ac36628fef7684bc08672b4c0678d32822a62f1b86b86ed9e5e19afa29f97220,cf2fef52687428f0eab74fc123ceb2a36cb6d0fc70d5442d221c955a4753ae2f,a0b23907336269b78a7cfd2eb7057232c7afcf87129f8a4c9d0f5e93faa0a5ef,d0bde0ec0552c341e5ead1b4598d63352fb999a1674433bd60a7c7c3d3287ac0,9c306d57a391d92a493f0b9590b5ec0d2af7679ab1dc1116abab6b6253017763,100
V1Ren,V2b,off_diagonal,excitatory,9,9,9,0.3853529671,-7.351660818,20.68852735,descriptive design grid within one frozen realization; ranges are not uncertainty intervals,1,conditional on one frozen realization; no sampling inference,2026-08-26T18:12:43.884305+00:00,publication-outputs-1.0.0,0950b556111bec172d56ad34fe3569f251832a44e44c7eb43f636e6af321a5a1,ac36628fef7684bc08672b4c0678d32822a62f1b86b86ed9e5e19afa29f97220,cf2fef52687428f0eab74fc123ceb2a36cb6d0fc70d5442d221c955a4753ae2f,a0b23907336269b78a7cfd2eb7057232c7afcf87129f8a4c9d0f5e93faa0a5ef,d0bde0ec0552c341e5ead1b4598d63352fb999a1674433bd60a7c7c3d3287ac0,9c306d57a391d92a493f0b9590b5ec0d2af7679ab1dc1116abab6b6253017763,100
V2b,RG,off_diagonal,excitatory,9,9,9,-0.2807448991,-53.35075626,16.8015011,descriptive design grid within one frozen realization; ranges are not uncertainty intervals,1,conditional on one frozen realization; no sampling inference,2026-08-26T18:12:43.884305+00:00,publication-outputs-1.0.0,0950b556111bec172d56ad34fe3569f251832a44e44c7eb43f636e6af321a5a1,ac36628fef7684bc08672b4c0678d32822a62f1b86b86ed9e5e19afa29f97220,cf2fef52687428f0eab74fc123ceb2a36cb6d0fc70d5442d221c955a4753ae2f,a0b23907336269b78a7cfd2eb7057232c7afcf87129f8a4c9d0f5e93faa0a5ef,d0bde0ec0552c341e5ead1b4598d63352fb999a1674433bd60a7c7c3d3287ac0,9c306d57a391d92a493f0b9590b5ec0d2af7679ab1dc1116abab6b6253017763,100
V2b,PF,off_diagonal,excitatory,9,9,9,-0.2335425103,-24.12665097,21.15699409,descriptive design grid within one frozen realization; ranges are not uncertainty intervals,1,conditional on one frozen realization; no sampling inference,2026-08-26T18:12:43.884305+00:00,publication-outputs-1.0.0,0950b556111bec172d56ad34fe3569f251832a44e44c7eb43f636e6af321a5a1,ac36628fef7684bc08672b4c0678d32822a62f1b86b86ed9e5e19afa29f97220,cf2fef52687428f0eab74fc123ceb2a36cb6d0fc70d5442d221c955a4753ae2f,a0b23907336269b78a7cfd2eb7057232c7afcf87129f8a4c9d0f5e93faa0a5ef,d0bde0ec0552c341e5ead1b4598d63352fb999a1674433bd60a7c7c3d3287ac0,9c306d57a391d92a493f0b9590b5ec0d2af7679ab1dc1116abab6b6253017763,100
V2b,MN,off_diagonal,excitatory,9,9,9,0.06291601284,-14.35229162,8.9647122,descriptive design grid within one frozen realization; ranges are not uncertainty intervals,1,conditional on one frozen realization; no sampling inference,2026-08-26T18:12:43.884305+00:00,publication-outputs-1.0.0,0950b556111bec172d56ad34fe3569f251832a44e44c7eb43f636e6af321a5a1,ac36628fef7684bc08672b4c0678d32822a62f1b86b86ed9e5e19afa29f97220,cf2fef52687428f0eab74fc123ceb2a36cb6d0fc70d5442d221c955a4753ae2f,a0b23907336269b78a7cfd2eb7057232c7afcf87129f8a4c9d0f5e93faa0a5ef,d0bde0ec0552c341e5ead1b4598d63352fb999a1674433bd60a7c7c3d3287ac0,9c306d57a391d92a493f0b9590b5ec0d2af7679ab1dc1116abab6b6253017763,100
V2b,V0D,off_diagonal,excitatory,9,9,9,2.289093884,-34.84045919,16.20517203,descriptive design grid within one frozen realization; ranges are not uncertainty intervals,1,conditional on one frozen realization; no sampling inference,2026-08-26T18:12:43.884305+00:00,publication-outputs-1.0.0,0950b556111bec172d56ad34fe3569f251832a44e44c7eb43f636e6af321a5a1,ac36628fef7684bc08672b4c0678d32822a62f1b86b86ed9e5e19afa29f97220,cf2fef52687428f0eab74fc123ceb2a36cb6d0fc70d5442d221c955a4753ae2f,a0b23907336269b78a7cfd2eb7057232c7afcf87129f8a4c9d0f5e93faa0a5ef,d0bde0ec0552c341e5ead1b4598d63352fb999a1674433bd60a7c7c3d3287ac0,9c306d57a391d92a493f0b9590b5ec0d2af7679ab1dc1116abab6b6253017763,100
V2b,V0V,off_diagonal,excitatory,9,9,9,-0.8508647306,-25.64512011,13.77472454,descriptive design grid within one frozen realization; ranges are not uncertainty intervals,1,conditional on one frozen realization; no sampling inference,2026-08-26T18:12:43.884305+00:00,publication-outputs-1.0.0,0950b556111bec172d56ad34fe3569f251832a44e44c7eb43f636e6af321a5a1,ac36628fef7684bc08672b4c0678d32822a62f1b86b86ed9e5e19afa29f97220,cf2fef52687428f0eab74fc123ceb2a36cb6d0fc70d5442d221c955a4753ae2f,a0b23907336269b78a7cfd2eb7057232c7afcf87129f8a4c9d0f5e93faa0a5ef,d0bde0ec0552c341e5ead1b4598d63352fb999a1674433bd60a7c7c3d3287ac0,9c306d57a391d92a493f0b9590b5ec0d2af7679ab1dc1116abab6b6253017763,100
V2b,V2a,off_diagonal,excitatory,9,9,9,-0.5518407433,-22.31166883,33.62113338,descriptive design grid within one frozen realization; ranges are not uncertainty intervals,1,conditional on one frozen realization; no sampling inference,2026-08-26T18:12:43.884305+00:00,publication-outputs-1.0.0,0950b556111bec172d56ad34fe3569f251832a44e44c7eb43f636e6af321a5a1,ac36628fef7684bc08672b4c0678d32822a62f1b86b86ed9e5e19afa29f97220,cf2fef52687428f0eab74fc123ceb2a36cb6d0fc70d5442d221c955a4753ae2f,a0b23907336269b78a7cfd2eb7057232c7afcf87129f8a4c9d0f5e93faa0a5ef,d0bde0ec0552c341e5ead1b4598d63352fb999a1674433bd60a7c7c3d3287ac0,9c306d57a391d92a493f0b9590b5ec0d2af7679ab1dc1116abab6b6253017763,100
V2b,V3,off_diagonal,excitatory,9,9,9,0.06246870819,-9.859856236,18.52942609,descriptive design grid within one frozen realization; ranges are not uncertainty intervals,1,conditional on one frozen realization; no sampling inference,2026-08-26T18:12:43.884305+00:00,publication-outputs-1.0.0,0950b556111bec172d56ad34fe3569f251832a44e44c7eb43f636e6af321a5a1,ac36628fef7684bc08672b4c0678d32822a62f1b86b86ed9e5e19afa29f97220,cf2fef52687428f0eab74fc123ceb2a36cb6d0fc70d5442d221c955a4753ae2f,a0b23907336269b78a7cfd2eb7057232c7afcf87129f8a4c9d0f5e93faa0a5ef,d0bde0ec0552c341e5ead1b4598d63352fb999a1674433bd60a7c7c3d3287ac0,9c306d57a391d92a493f0b9590b5ec0d2af7679ab1dc1116abab6b6253017763,100
V2b,V1Ia,off_diagonal,excitatory,9,9,9,-5.309877398,-50.71331786,13.51420369,descriptive design grid within one frozen realization; ranges are not uncertainty intervals,1,conditional on one frozen realization; no sampling inference,2026-08-26T18:12:43.884305+00:00,publication-outputs-1.0.0,0950b556111bec172d56ad34fe3569f251832a44e44c7eb43f636e6af321a5a1,ac36628fef7684bc08672b4c0678d32822a62f1b86b86ed9e5e19afa29f97220,cf2fef52687428f0eab74fc123ceb2a36cb6d0fc70d5442d221c955a4753ae2f,a0b23907336269b78a7cfd2eb7057232c7afcf87129f8a4c9d0f5e93faa0a5ef,d0bde0ec0552c341e5ead1b4598d63352fb999a1674433bd60a7c7c3d3287ac0,9c306d57a391d92a493f0b9590b5ec0d2af7679ab1dc1116abab6b6253017763,100
V2b,V1Ren,off_diagonal,excitatory,9,9,9,-0.435205275,-14.53180648,16.67525152,descriptive design grid within one frozen realization; ranges are not uncertainty intervals,1,conditional on one frozen realization; no sampling inference,2026-08-26T18:12:43.884305+00:00,publication-outputs-1.0.0,0950b556111bec172d56ad34fe3569f251832a44e44c7eb43f636e6af321a5a1,ac36628fef7684bc08672b4c0678d32822a62f1b86b86ed9e5e19afa29f97220,cf2fef52687428f0eab74fc123ceb2a36cb6d0fc70d5442d221c955a4753ae2f,a0b23907336269b78a7cfd2eb7057232c7afcf87129f8a4c9d0f5e93faa0a5ef,d0bde0ec0552c341e5ead1b4598d63352fb999a1674433bd60a7c7c3d3287ac0,9c306d57a391d92a493f0b9590b5ec0d2af7679ab1dc1116abab6b6253017763,100
V2b,V2b,diagonal,excitatory,9,9,9,2.69033523,-1.768887336,15.12517784,descriptive design grid within one frozen realization; ranges are not uncertainty intervals,1,conditional on one frozen realization; no sampling inference,2026-08-26T18:12:43.884305+00:00,publication-outputs-1.0.0,0950b556111bec172d56ad34fe3569f251832a44e44c7eb43f636e6af321a5a1,ac36628fef7684bc08672b4c0678d32822a62f1b86b86ed9e5e19afa29f97220,cf2fef52687428f0eab74fc123ceb2a36cb6d0fc70d5442d221c955a4753ae2f,a0b23907336269b78a7cfd2eb7057232c7afcf87129f8a4c9d0f5e93faa0a5ef,d0bde0ec0552c341e5ead1b4598d63352fb999a1674433bd60a7c7c3d3287ac0,9c306d57a391d92a493f0b9590b5ec0d2af7679ab1dc1116abab6b6253017763,100
