intended_route,pulse,design_cell_count,rhythmic_to_rhythmic_count,rhythmic_to_failure_count,failure_to_rhythmic_count,failure_to_failure_count,lr_phase_delta_deg_complete_cells,lr_phase_delta_deg_median,lr_phase_delta_deg_range_min,lr_phase_delta_deg_range_max,lr_phase_delta_deg_negative_cells,lr_phase_delta_deg_neutral_cells,lr_phase_delta_deg_positive_cells,fe_phase_delta_deg_complete_cells,fe_phase_delta_deg_median,fe_phase_delta_deg_range_min,fe_phase_delta_deg_range_max,fe_phase_delta_deg_negative_cells,fe_phase_delta_deg_neutral_cells,fe_phase_delta_deg_positive_cells,pf_propagation_gap_delta_complete_cells,pf_propagation_gap_delta_median,pf_propagation_gap_delta_range_min,pf_propagation_gap_delta_range_max,pf_propagation_gap_delta_negative_cells,pf_propagation_gap_delta_neutral_cells,pf_propagation_gap_delta_positive_cells,mn_propagation_gap_delta_complete_cells,mn_propagation_gap_delta_median,mn_propagation_gap_delta_range_min,mn_propagation_gap_delta_range_max,mn_propagation_gap_delta_negative_cells,mn_propagation_gap_delta_neutral_cells,mn_propagation_gap_delta_positive_cells,route_mt_support_delta_complete_cells,route_mt_support_delta_median,route_mt_support_delta_range_min,route_mt_support_delta_range_max,route_mt_support_delta_negative_cells,route_mt_support_delta_neutral_cells,route_mt_support_delta_positive_cells,route_rrp_delta_complete_cells,route_rrp_delta_median,route_rrp_delta_range_min,route_rrp_delta_range_max,route_rrp_delta_negative_cells,route_rrp_delta_neutral_cells,route_rrp_delta_positive_cells,route_replenishment_resource_delta_complete_cells,route_replenishment_resource_delta_median,route_replenishment_resource_delta_range_min,route_replenishment_resource_delta_range_max,route_replenishment_resource_delta_negative_cells,route_replenishment_resource_delta_neutral_cells,route_replenishment_resource_delta_positive_cells,recovery_eligible_cells,recovery_event_observed_cells,recovery_eligible_without_event_cells,recovery_ineligible_cells,recovery_observed_time_s_complete_cells,recovery_observed_time_s_median,recovery_observed_time_s_range_min,recovery_observed_time_s_range_max,recovery_observed_time_s_negative_cells,recovery_observed_time_s_neutral_cells,recovery_observed_time_s_positive_cells,aggregation_basis,independent_stochastic_realization_count,inferential_scope,generated_at_utc,publication_script_version,publication_script_sha256,protocol_spec_sha256,locked_protocol_sha256,source_a_to_d_script_sha256,source_e_f_script_sha256,source_g_h_script_sha256,output_row_count
RG,none,9,9,0,0,0,9,0.1001917426,-5.109835655,1.150952189,4,0,5,9,0.1422541386,-5.182846303,0.9445109457,3,0,6,9,0,0,0.01298701299,0,8,1,9,0,0,0.01315789474,0,7,2,9,-0.06245923576,-0.07938442653,-0.05667881136,9,0,0,9,-0.0005607322752,-0.0008346763605,-0.0004037472862,9,0,0,9,0.008911221236,0.007303503731,0.013595171,0,0,9,,,,,0,,,,0,0,0,descriptive design grid within one frozen realization; ranges are not uncertainty intervals,1,conditional on one frozen realization; no sampling inference,2026-08-26T18:12:43.884305+00:00,publication-outputs-1.0.0,0950b556111bec172d56ad34fe3569f251832a44e44c7eb43f636e6af321a5a1,ac36628fef7684bc08672b4c0678d32822a62f1b86b86ed9e5e19afa29f97220,cf2fef52687428f0eab74fc123ceb2a36cb6d0fc70d5442d221c955a4753ae2f,a0b23907336269b78a7cfd2eb7057232c7afcf87129f8a4c9d0f5e93faa0a5ef,d0bde0ec0552c341e5ead1b4598d63352fb999a1674433bd60a7c7c3d3287ac0,9c306d57a391d92a493f0b9590b5ec0d2af7679ab1dc1116abab6b6253017763,30
RG,excitatory,9,9,0,0,0,9,0.1303040684,-17.37539699,22.51025205,4,0,5,9,-0.2203954482,-11.91543775,27.31094382,5,0,4,9,0,-0.01351351351,0.02816901408,2,6,1,9,0,-0.01351351351,0.01408450704,2,5,2,9,-0.06587341184,-0.0812641414,-0.05889573842,9,0,0,9,-0.0006064383508,-0.001040342199,-0.000416510286,9,0,0,9,0.009686794714,0.007736681196,0.01387044237,0,0,9,9,9,0,0,9,1.5413,0.5711,2.8339,0,0,9,descriptive design grid within one frozen realization; ranges are not uncertainty intervals,1,conditional on one frozen realization; no sampling inference,2026-08-26T18:12:43.884305+00:00,publication-outputs-1.0.0,0950b556111bec172d56ad34fe3569f251832a44e44c7eb43f636e6af321a5a1,ac36628fef7684bc08672b4c0678d32822a62f1b86b86ed9e5e19afa29f97220,cf2fef52687428f0eab74fc123ceb2a36cb6d0fc70d5442d221c955a4753ae2f,a0b23907336269b78a7cfd2eb7057232c7afcf87129f8a4c9d0f5e93faa0a5ef,d0bde0ec0552c341e5ead1b4598d63352fb999a1674433bd60a7c7c3d3287ac0,9c306d57a391d92a493f0b9590b5ec0d2af7679ab1dc1116abab6b6253017763,30
RG,inhibitory,9,9,0,0,0,9,-0.3525882725,-5.879007006,2.330552888,5,0,4,9,0.03846927553,-4.383657952,0.545177358,3,0,6,9,0,-0.01351351351,0,1,8,0,9,0,-0.01351351351,0,2,7,0,9,-0.06284412767,-0.08000771905,-0.05671977788,9,0,0,9,-0.0005864630872,-0.0008707369862,-0.0003873578748,9,0,0,9,0.009014598339,0.007321788509,0.01358149495,0,0,9,9,9,0,0,9,0.055325,0.0151,1.7169,0,0,9,descriptive design grid within one frozen realization; ranges are not uncertainty intervals,1,conditional on one frozen realization; no sampling inference,2026-08-26T18:12:43.884305+00:00,publication-outputs-1.0.0,0950b556111bec172d56ad34fe3569f251832a44e44c7eb43f636e6af321a5a1,ac36628fef7684bc08672b4c0678d32822a62f1b86b86ed9e5e19afa29f97220,cf2fef52687428f0eab74fc123ceb2a36cb6d0fc70d5442d221c955a4753ae2f,a0b23907336269b78a7cfd2eb7057232c7afcf87129f8a4c9d0f5e93faa0a5ef,d0bde0ec0552c341e5ead1b4598d63352fb999a1674433bd60a7c7c3d3287ac0,9c306d57a391d92a493f0b9590b5ec0d2af7679ab1dc1116abab6b6253017763,30
PF,none,9,9,0,0,0,9,0.03039713982,-10.82724485,5.29148442,4,0,5,9,-0.3726475631,-14.0961597,7.347511887,8,0,1,9,0,0,0,0,9,0,9,0,0,0,0,9,0,9,-0.09115365665,-0.1222862725,-0.08416481498,9,0,0,9,-0.0009851700735,-0.001230215922,-0.0006149080313,9,0,0,9,0.01606621191,0.01306371493,0.03008513861,0,0,9,,,,,0,,,,0,0,0,descriptive design grid within one frozen realization; ranges are not uncertainty intervals,1,conditional on one frozen realization; no sampling inference,2026-08-26T18:12:43.884305+00:00,publication-outputs-1.0.0,0950b556111bec172d56ad34fe3569f251832a44e44c7eb43f636e6af321a5a1,ac36628fef7684bc08672b4c0678d32822a62f1b86b86ed9e5e19afa29f97220,cf2fef52687428f0eab74fc123ceb2a36cb6d0fc70d5442d221c955a4753ae2f,a0b23907336269b78a7cfd2eb7057232c7afcf87129f8a4c9d0f5e93faa0a5ef,d0bde0ec0552c341e5ead1b4598d63352fb999a1674433bd60a7c7c3d3287ac0,9c306d57a391d92a493f0b9590b5ec0d2af7679ab1dc1116abab6b6253017763,30
PF,excitatory,9,9,0,0,0,9,0.1445608819,-16.85700968,5.35105073,3,0,6,9,0.02364516252,-14.280437,5.85211782,4,0,5,9,0,-0.01351351351,0,1,8,0,9,0,-0.01351351351,0,1,8,0,9,-0.09510151328,-0.1217630454,-0.08769547105,9,0,0,9,-0.001215889498,-0.002799084705,-0.0007910389487,9,0,0,9,0.01707616748,0.01457635473,0.02747108959,0,0,9,9,9,0,0,9,0.584125,0.578325,1.64685,0,0,9,descriptive design grid within one frozen realization; ranges are not uncertainty intervals,1,conditional on one frozen realization; no sampling inference,2026-08-26T18:12:43.884305+00:00,publication-outputs-1.0.0,0950b556111bec172d56ad34fe3569f251832a44e44c7eb43f636e6af321a5a1,ac36628fef7684bc08672b4c0678d32822a62f1b86b86ed9e5e19afa29f97220,cf2fef52687428f0eab74fc123ceb2a36cb6d0fc70d5442d221c955a4753ae2f,a0b23907336269b78a7cfd2eb7057232c7afcf87129f8a4c9d0f5e93faa0a5ef,d0bde0ec0552c341e5ead1b4598d63352fb999a1674433bd60a7c7c3d3287ac0,9c306d57a391d92a493f0b9590b5ec0d2af7679ab1dc1116abab6b6253017763,30
PF,inhibitory,9,9,0,0,0,9,-1.420871879,-5.577497408,2.74119681,5,0,4,9,-0.01054312042,-5.838100381,1.099181112,5,0,4,9,0,-0.01351351351,0,2,7,0,9,0,-0.01351351351,0,2,7,0,9,-0.09220912642,-0.1236002948,-0.08377589108,9,0,0,9,-0.001055597184,-0.002165158605,-0.0008253137752,9,0,0,9,0.01633632158,0.01357804043,0.03025352174,0,0,9,9,9,0,0,9,0.048325,0.024325,2.20785,0,0,9,descriptive design grid within one frozen realization; ranges are not uncertainty intervals,1,conditional on one frozen realization; no sampling inference,2026-08-26T18:12:43.884305+00:00,publication-outputs-1.0.0,0950b556111bec172d56ad34fe3569f251832a44e44c7eb43f636e6af321a5a1,ac36628fef7684bc08672b4c0678d32822a62f1b86b86ed9e5e19afa29f97220,cf2fef52687428f0eab74fc123ceb2a36cb6d0fc70d5442d221c955a4753ae2f,a0b23907336269b78a7cfd2eb7057232c7afcf87129f8a4c9d0f5e93faa0a5ef,d0bde0ec0552c341e5ead1b4598d63352fb999a1674433bd60a7c7c3d3287ac0,9c306d57a391d92a493f0b9590b5ec0d2af7679ab1dc1116abab6b6253017763,30
MN,none,9,9,0,0,0,9,-0.1301498489,-13.12044858,11.18795089,5,0,4,9,-0.1424882411,-14.63500264,8.048894925,5,0,4,9,0,0,0,0,9,0,9,0,0,0,0,9,0,9,-0.09391974307,-0.1160456466,-0.09190803315,9,0,0,9,-0.001058815112,-0.001836021455,-0.000940616631,9,0,0,9,0.01669357329,0.01586778417,0.02573930608,0,0,9,,,,,0,,,,0,0,0,descriptive design grid within one frozen realization; ranges are not uncertainty intervals,1,conditional on one frozen realization; no sampling inference,2026-08-26T18:12:43.884305+00:00,publication-outputs-1.0.0,0950b556111bec172d56ad34fe3569f251832a44e44c7eb43f636e6af321a5a1,ac36628fef7684bc08672b4c0678d32822a62f1b86b86ed9e5e19afa29f97220,cf2fef52687428f0eab74fc123ceb2a36cb6d0fc70d5442d221c955a4753ae2f,a0b23907336269b78a7cfd2eb7057232c7afcf87129f8a4c9d0f5e93faa0a5ef,d0bde0ec0552c341e5ead1b4598d63352fb999a1674433bd60a7c7c3d3287ac0,9c306d57a391d92a493f0b9590b5ec0d2af7679ab1dc1116abab6b6253017763,30
MN,excitatory,9,9,0,0,0,9,0.1554482056,-13.29057422,5.662073151,3,0,6,9,0.1418366257,-8.091418611,11.16366843,3,0,6,9,0,-0.01351351351,0,2,7,0,9,0,-0.01351351351,0,2,7,0,9,-0.09777613948,-0.1151951684,-0.094209722,9,0,0,9,-0.00115124901,-0.001812603568,-0.0009181313228,9,0,0,9,0.01830343855,0.01653607909,0.02464332921,0,0,9,9,9,0,0,9,1.164625,0.571075,1.649175,0,0,9,descriptive design grid within one frozen realization; ranges are not uncertainty intervals,1,conditional on one frozen realization; no sampling inference,2026-08-26T18:12:43.884305+00:00,publication-outputs-1.0.0,0950b556111bec172d56ad34fe3569f251832a44e44c7eb43f636e6af321a5a1,ac36628fef7684bc08672b4c0678d32822a62f1b86b86ed9e5e19afa29f97220,cf2fef52687428f0eab74fc123ceb2a36cb6d0fc70d5442d221c955a4753ae2f,a0b23907336269b78a7cfd2eb7057232c7afcf87129f8a4c9d0f5e93faa0a5ef,d0bde0ec0552c341e5ead1b4598d63352fb999a1674433bd60a7c7c3d3287ac0,9c306d57a391d92a493f0b9590b5ec0d2af7679ab1dc1116abab6b6253017763,30
MN,inhibitory,9,9,0,0,0,9,-0.02585095362,-7.212839255,14.37606313,5,0,4,9,0.0119287897,-6.923700649,10.98219517,4,0,5,9,0,-0.01351351351,0.01315789474,2,6,1,9,0,-0.01351351351,0.01315789474,2,6,1,9,-0.09494691548,-0.1153862556,-0.09215209057,9,0,0,9,-0.001019888513,-0.002432847846,-0.0009023328852,9,0,0,9,0.01716223721,0.01592714589,0.02555955689,0,0,9,9,9,0,0,9,0.057425,0.023175,1.828075,0,0,9,descriptive design grid within one frozen realization; ranges are not uncertainty intervals,1,conditional on one frozen realization; no sampling inference,2026-08-26T18:12:43.884305+00:00,publication-outputs-1.0.0,0950b556111bec172d56ad34fe3569f251832a44e44c7eb43f636e6af321a5a1,ac36628fef7684bc08672b4c0678d32822a62f1b86b86ed9e5e19afa29f97220,cf2fef52687428f0eab74fc123ceb2a36cb6d0fc70d5442d221c955a4753ae2f,a0b23907336269b78a7cfd2eb7057232c7afcf87129f8a4c9d0f5e93faa0a5ef,d0bde0ec0552c341e5ead1b4598d63352fb999a1674433bd60a7c7c3d3287ac0,9c306d57a391d92a493f0b9590b5ec0d2af7679ab1dc1116abab6b6253017763,30
V0D,none,9,9,0,0,0,9,-0.3163063316,-1.86486278,2.716080324,5,0,4,9,0.05915773152,-2.425927127,1.184054278,4,0,5,9,0,0,0,0,9,0,9,0,0,0,0,9,0,9,-0.04042648989,-0.05850578784,-0.03657381766,9,0,0,9,-0.0001915832431,-0.0002485905249,-7.690314372e-05,9,0,0,9,0.004059909202,0.003261762068,0.008136999596,0,0,9,,,,,0,,,,0,0,0,descriptive design grid within one frozen realization; ranges are not uncertainty intervals,1,conditional on one frozen realization; no sampling inference,2026-08-26T18:12:43.884305+00:00,publication-outputs-1.0.0,0950b556111bec172d56ad34fe3569f251832a44e44c7eb43f636e6af321a5a1,ac36628fef7684bc08672b4c0678d32822a62f1b86b86ed9e5e19afa29f97220,cf2fef52687428f0eab74fc123ceb2a36cb6d0fc70d5442d221c955a4753ae2f,a0b23907336269b78a7cfd2eb7057232c7afcf87129f8a4c9d0f5e93faa0a5ef,d0bde0ec0552c341e5ead1b4598d63352fb999a1674433bd60a7c7c3d3287ac0,9c306d57a391d92a493f0b9590b5ec0d2af7679ab1dc1116abab6b6253017763,30
V0D,excitatory,9,9,0,0,0,9,-0.8931558241,-8.304737349,1.925695312,5,0,4,9,-0.08614679914,-13.93033481,2.435247222,6,0,3,9,0,-0.01351351351,0.01351351351,2,5,2,9,0,-0.01351351351,0.01351351351,2,5,2,9,-0.04408012157,-0.06138960169,-0.03991449705,9,0,0,9,-0.0003510432474,-0.001167785946,-0.000137224479,9,0,0,9,0.004594350507,0.004004914037,0.008625001599,0,0,9,9,9,0,0,9,1.157175,0.571075,2.077225,0,0,9,descriptive design grid within one frozen realization; ranges are not uncertainty intervals,1,conditional on one frozen realization; no sampling inference,2026-08-26T18:12:43.884305+00:00,publication-outputs-1.0.0,0950b556111bec172d56ad34fe3569f251832a44e44c7eb43f636e6af321a5a1,ac36628fef7684bc08672b4c0678d32822a62f1b86b86ed9e5e19afa29f97220,cf2fef52687428f0eab74fc123ceb2a36cb6d0fc70d5442d221c955a4753ae2f,a0b23907336269b78a7cfd2eb7057232c7afcf87129f8a4c9d0f5e93faa0a5ef,d0bde0ec0552c341e5ead1b4598d63352fb999a1674433bd60a7c7c3d3287ac0,9c306d57a391d92a493f0b9590b5ec0d2af7679ab1dc1116abab6b6253017763,30
V0D,inhibitory,9,9,0,0,0,9,0.02756715173,-4.949540148,6.2249945,4,0,5,9,0.1183873452,-2.76720121,5.287955437,3,0,6,9,0,-0.01351351351,0.01315789474,2,6,1,9,0,-0.01351351351,0.01315789474,2,6,1,9,-0.0405631081,-0.05817930472,-0.03622772702,9,0,0,9,-0.0002383611704,-0.0006059760059,-0.0001256104735,9,0,0,9,0.003851910031,0.003212372255,0.007582701849,0,0,9,9,9,0,0,9,0.0486,0.00495,2.94995,0,0,9,descriptive design grid within one frozen realization; ranges are not uncertainty intervals,1,conditional on one frozen realization; no sampling inference,2026-08-26T18:12:43.884305+00:00,publication-outputs-1.0.0,0950b556111bec172d56ad34fe3569f251832a44e44c7eb43f636e6af321a5a1,ac36628fef7684bc08672b4c0678d32822a62f1b86b86ed9e5e19afa29f97220,cf2fef52687428f0eab74fc123ceb2a36cb6d0fc70d5442d221c955a4753ae2f,a0b23907336269b78a7cfd2eb7057232c7afcf87129f8a4c9d0f5e93faa0a5ef,d0bde0ec0552c341e5ead1b4598d63352fb999a1674433bd60a7c7c3d3287ac0,9c306d57a391d92a493f0b9590b5ec0d2af7679ab1dc1116abab6b6253017763,30
V0V,none,9,9,0,0,0,9,-0.003996768116,-11.72681718,14.0899718,5,0,4,9,-0.07402181101,-12.77463156,11.81795365,6,0,3,9,0,0,0.01282051282,0,8,1,9,0,0,0.02564102564,0,8,1,9,-0.05440059781,-0.06686529828,-0.05342482289,9,0,0,9,-0.0003692629668,-0.0004619534503,-0.0001885199185,9,0,0,9,0.005822662305,0.005634818712,0.009491226008,0,0,9,,,,,0,,,,0,0,0,descriptive design grid within one frozen realization; ranges are not uncertainty intervals,1,conditional on one frozen realization; no sampling inference,2026-08-26T18:12:43.884305+00:00,publication-outputs-1.0.0,0950b556111bec172d56ad34fe3569f251832a44e44c7eb43f636e6af321a5a1,ac36628fef7684bc08672b4c0678d32822a62f1b86b86ed9e5e19afa29f97220,cf2fef52687428f0eab74fc123ceb2a36cb6d0fc70d5442d221c955a4753ae2f,a0b23907336269b78a7cfd2eb7057232c7afcf87129f8a4c9d0f5e93faa0a5ef,d0bde0ec0552c341e5ead1b4598d63352fb999a1674433bd60a7c7c3d3287ac0,9c306d57a391d92a493f0b9590b5ec0d2af7679ab1dc1116abab6b6253017763,30
V0V,excitatory,9,9,0,0,0,9,0,-11.71076518,8.781780944,4,1,4,9,0.04881498003,-14.89459464,4.591250911,3,1,5,9,0,-0.01298701299,0.01315315315,2,6,1,9,0,-0.02597402597,0.02648648649,2,5,2,9,-0.05621754261,-0.0680113975,-0.0542904694,9,0,0,9,-0.0003020525676,-0.001278833219,0.0001216177194,8,0,1,9,0.006737541266,0.005505895283,0.01038862018,0,0,9,9,9,0,0,9,0.5824,0.571075,2.650075,0,0,9,descriptive design grid within one frozen realization; ranges are not uncertainty intervals,1,conditional on one frozen realization; no sampling inference,2026-08-26T18:12:43.884305+00:00,publication-outputs-1.0.0,0950b556111bec172d56ad34fe3569f251832a44e44c7eb43f636e6af321a5a1,ac36628fef7684bc08672b4c0678d32822a62f1b86b86ed9e5e19afa29f97220,cf2fef52687428f0eab74fc123ceb2a36cb6d0fc70d5442d221c955a4753ae2f,a0b23907336269b78a7cfd2eb7057232c7afcf87129f8a4c9d0f5e93faa0a5ef,d0bde0ec0552c341e5ead1b4598d63352fb999a1674433bd60a7c7c3d3287ac0,9c306d57a391d92a493f0b9590b5ec0d2af7679ab1dc1116abab6b6253017763,30
V0V,inhibitory,9,9,0,0,0,9,0.05172836118,-3.688030454,7.0051361,3,0,6,9,-0.08994719801,-5.228123276,6.380009816,6,0,3,9,0,-0.01351351351,0,2,7,0,9,0,-0.01351351351,0,2,7,0,9,-0.05462490823,-0.06707577573,-0.0532952336,9,0,0,9,-0.0003719692488,-0.0007750566711,0.0001192352401,8,0,1,9,0.005868460501,0.005647068,0.01028337439,0,0,9,9,9,0,0,9,0.0486,0.023075,1.8163,0,0,9,descriptive design grid within one frozen realization; ranges are not uncertainty intervals,1,conditional on one frozen realization; no sampling inference,2026-08-26T18:12:43.884305+00:00,publication-outputs-1.0.0,0950b556111bec172d56ad34fe3569f251832a44e44c7eb43f636e6af321a5a1,ac36628fef7684bc08672b4c0678d32822a62f1b86b86ed9e5e19afa29f97220,cf2fef52687428f0eab74fc123ceb2a36cb6d0fc70d5442d221c955a4753ae2f,a0b23907336269b78a7cfd2eb7057232c7afcf87129f8a4c9d0f5e93faa0a5ef,d0bde0ec0552c341e5ead1b4598d63352fb999a1674433bd60a7c7c3d3287ac0,9c306d57a391d92a493f0b9590b5ec0d2af7679ab1dc1116abab6b6253017763,30
V2a,none,9,9,0,0,0,9,-0.09024583231,-9.644689165,1.890867591,5,0,4,9,-0.2559473438,-8.367892515,2.120312378,5,0,4,9,0,0,0,0,9,0,9,0,0,0.01315789474,0,8,1,9,-0.05437743925,-0.06608902502,-0.05231240967,9,0,0,9,-0.0003369449437,-0.0005099630969,-0.0001569923577,9,0,0,9,0.006145112572,0.005594387444,0.009776824422,0,0,9,,,,,0,,,,0,0,0,descriptive design grid within one frozen realization; ranges are not uncertainty intervals,1,conditional on one frozen realization; no sampling inference,2026-08-26T18:12:43.884305+00:00,publication-outputs-1.0.0,0950b556111bec172d56ad34fe3569f251832a44e44c7eb43f636e6af321a5a1,ac36628fef7684bc08672b4c0678d32822a62f1b86b86ed9e5e19afa29f97220,cf2fef52687428f0eab74fc123ceb2a36cb6d0fc70d5442d221c955a4753ae2f,a0b23907336269b78a7cfd2eb7057232c7afcf87129f8a4c9d0f5e93faa0a5ef,d0bde0ec0552c341e5ead1b4598d63352fb999a1674433bd60a7c7c3d3287ac0,9c306d57a391d92a493f0b9590b5ec0d2af7679ab1dc1116abab6b6253017763,30
V2a,excitatory,9,9,0,0,0,9,0.9089382621,-5.665078828,21.73198266,3,0,6,9,-0.2902632994,-5.622391402,5.326276511,6,0,3,9,0,-0.0001801801802,0.01298701299,1,7,1,9,0,-0.0001801801802,0.01315789474,1,6,2,9,-0.05626314648,-0.06662948989,-0.05361040754,9,0,0,9,-0.0003518729453,-0.0009146022881,-0.000185800797,9,0,0,9,0.006810605843,0.005956427755,0.009263126357,0,0,9,9,9,0,0,9,1.1645,0.571,2.9407,0,0,9,descriptive design grid within one frozen realization; ranges are not uncertainty intervals,1,conditional on one frozen realization; no sampling inference,2026-08-26T18:12:43.884305+00:00,publication-outputs-1.0.0,0950b556111bec172d56ad34fe3569f251832a44e44c7eb43f636e6af321a5a1,ac36628fef7684bc08672b4c0678d32822a62f1b86b86ed9e5e19afa29f97220,cf2fef52687428f0eab74fc123ceb2a36cb6d0fc70d5442d221c955a4753ae2f,a0b23907336269b78a7cfd2eb7057232c7afcf87129f8a4c9d0f5e93faa0a5ef,d0bde0ec0552c341e5ead1b4598d63352fb999a1674433bd60a7c7c3d3287ac0,9c306d57a391d92a493f0b9590b5ec0d2af7679ab1dc1116abab6b6253017763,30
V2a,inhibitory,9,9,0,0,0,9,-1.143338442,-4.540148965,6.477691251,5,0,4,9,0.07422689279,-1.949120915,1.425321008,4,0,5,9,0,-0.01351351351,0,2,7,0,9,0,-0.01351351351,0,2,7,0,9,-0.05484409015,-0.06531774652,-0.05239155627,9,0,0,9,-0.0004087369472,-0.0007607629358,-0.0002807143525,9,0,0,9,0.006166310443,0.005674514284,0.008814727819,0,0,9,9,9,0,0,9,0.0482,0.02325,1.695,0,0,9,descriptive design grid within one frozen realization; ranges are not uncertainty intervals,1,conditional on one frozen realization; no sampling inference,2026-08-26T18:12:43.884305+00:00,publication-outputs-1.0.0,0950b556111bec172d56ad34fe3569f251832a44e44c7eb43f636e6af321a5a1,ac36628fef7684bc08672b4c0678d32822a62f1b86b86ed9e5e19afa29f97220,cf2fef52687428f0eab74fc123ceb2a36cb6d0fc70d5442d221c955a4753ae2f,a0b23907336269b78a7cfd2eb7057232c7afcf87129f8a4c9d0f5e93faa0a5ef,d0bde0ec0552c341e5ead1b4598d63352fb999a1674433bd60a7c7c3d3287ac0,9c306d57a391d92a493f0b9590b5ec0d2af7679ab1dc1116abab6b6253017763,30
V3,none,9,9,0,0,0,9,0,-5.683552172,5.507114803,2,4,3,9,0,-4.121713865,5.204434927,2,4,3,9,0,0,0,0,9,0,9,0,0,0,0,9,0,9,-0.02118566415,-0.03452563224,-0.01897990595,9,0,0,9,-4.682451379e-05,-5.572092354e-05,0.0004570138785,7,0,2,9,0.0009717523912,0.0007703302012,0.003412158302,0,0,9,,,,,0,,,,0,0,0,descriptive design grid within one frozen realization; ranges are not uncertainty intervals,1,conditional on one frozen realization; no sampling inference,2026-08-26T18:12:43.884305+00:00,publication-outputs-1.0.0,0950b556111bec172d56ad34fe3569f251832a44e44c7eb43f636e6af321a5a1,ac36628fef7684bc08672b4c0678d32822a62f1b86b86ed9e5e19afa29f97220,cf2fef52687428f0eab74fc123ceb2a36cb6d0fc70d5442d221c955a4753ae2f,a0b23907336269b78a7cfd2eb7057232c7afcf87129f8a4c9d0f5e93faa0a5ef,d0bde0ec0552c341e5ead1b4598d63352fb999a1674433bd60a7c7c3d3287ac0,9c306d57a391d92a493f0b9590b5ec0d2af7679ab1dc1116abab6b6253017763,30
V3,excitatory,9,9,0,0,0,9,0.0001278292883,-0.5483558344,3.781604423,2,2,5,9,0,-0.6034253864,4.628985039,4,2,3,9,0,0,0,0,9,0,9,0,0,0,0,9,0,9,-0.02341315202,-0.035640394,-0.02276553323,9,0,0,9,-6.767937537e-05,-0.0007498711089,0.0002702218332,8,0,1,9,0.001206259788,0.00114809322,0.003070687362,0,0,9,9,9,0,0,9,1.16535,0.571075,2.1798,0,0,9,descriptive design grid within one frozen realization; ranges are not uncertainty intervals,1,conditional on one frozen realization; no sampling inference,2026-08-26T18:12:43.884305+00:00,publication-outputs-1.0.0,0950b556111bec172d56ad34fe3569f251832a44e44c7eb43f636e6af321a5a1,ac36628fef7684bc08672b4c0678d32822a62f1b86b86ed9e5e19afa29f97220,cf2fef52687428f0eab74fc123ceb2a36cb6d0fc70d5442d221c955a4753ae2f,a0b23907336269b78a7cfd2eb7057232c7afcf87129f8a4c9d0f5e93faa0a5ef,d0bde0ec0552c341e5ead1b4598d63352fb999a1674433bd60a7c7c3d3287ac0,9c306d57a391d92a493f0b9590b5ec0d2af7679ab1dc1116abab6b6253017763,30
V3,inhibitory,9,9,0,0,0,9,0.009495716273,-0.9981802217,1.617788149,2,2,5,9,0,-1.465663406,0.6712800417,3,3,3,9,0,-0.01351351351,0,2,7,0,9,0,-0.01351351351,0,2,7,0,9,-0.0207539397,-0.03366315638,-0.01944869636,9,0,0,9,-5.356676827e-05,-0.0001917816506,0.0004626653757,7,0,2,9,0.000952675622,0.0008806299186,0.003755156176,0,0,9,9,9,0,0,9,0.057525,0.022775,2.2149,0,0,9,descriptive design grid within one frozen realization; ranges are not uncertainty intervals,1,conditional on one frozen realization; no sampling inference,2026-08-26T18:12:43.884305+00:00,publication-outputs-1.0.0,0950b556111bec172d56ad34fe3569f251832a44e44c7eb43f636e6af321a5a1,ac36628fef7684bc08672b4c0678d32822a62f1b86b86ed9e5e19afa29f97220,cf2fef52687428f0eab74fc123ceb2a36cb6d0fc70d5442d221c955a4753ae2f,a0b23907336269b78a7cfd2eb7057232c7afcf87129f8a4c9d0f5e93faa0a5ef,d0bde0ec0552c341e5ead1b4598d63352fb999a1674433bd60a7c7c3d3287ac0,9c306d57a391d92a493f0b9590b5ec0d2af7679ab1dc1116abab6b6253017763,30
V1Ia,none,9,9,0,0,0,9,-0.1269727105,-0.9610000183,3.336709977,5,0,4,9,0.02036111692,-4.323843525,6.809697092,4,0,5,9,0,0,0.01333333333,0,8,1,9,0,0,0.01333333333,0,8,1,9,-0.0929856061,-0.1152897756,-0.08511576348,9,0,0,9,-0.0008218894737,-0.001792322273,-0.0002617242605,9,0,0,9,0.01599797365,0.01427697787,0.02565695223,0,0,9,,,,,0,,,,0,0,0,descriptive design grid within one frozen realization; ranges are not uncertainty intervals,1,conditional on one frozen realization; no sampling inference,2026-08-26T18:12:43.884305+00:00,publication-outputs-1.0.0,0950b556111bec172d56ad34fe3569f251832a44e44c7eb43f636e6af321a5a1,ac36628fef7684bc08672b4c0678d32822a62f1b86b86ed9e5e19afa29f97220,cf2fef52687428f0eab74fc123ceb2a36cb6d0fc70d5442d221c955a4753ae2f,a0b23907336269b78a7cfd2eb7057232c7afcf87129f8a4c9d0f5e93faa0a5ef,d0bde0ec0552c341e5ead1b4598d63352fb999a1674433bd60a7c7c3d3287ac0,9c306d57a391d92a493f0b9590b5ec0d2af7679ab1dc1116abab6b6253017763,30
V1Ia,excitatory,9,9,0,0,0,9,0.1425756599,-17.16208498,20.40886289,4,0,5,9,0.6024481381,-12.79642834,9.150176688,3,0,6,9,0,-0.01298701299,0.0003753753754,2,6,1,9,0,-0.01281613124,0.0003753753754,2,6,1,9,-0.09813825848,-0.117300615,-0.08363417253,9,0,0,9,-0.0006371753905,-0.001742800601,0.0002226525063,7,0,2,9,0.02003756493,0.01376917632,0.0251021403,0,0,9,9,9,0,0,9,1.2382,0.57105,2.620175,0,0,9,descriptive design grid within one frozen realization; ranges are not uncertainty intervals,1,conditional on one frozen realization; no sampling inference,2026-08-26T18:12:43.884305+00:00,publication-outputs-1.0.0,0950b556111bec172d56ad34fe3569f251832a44e44c7eb43f636e6af321a5a1,ac36628fef7684bc08672b4c0678d32822a62f1b86b86ed9e5e19afa29f97220,cf2fef52687428f0eab74fc123ceb2a36cb6d0fc70d5442d221c955a4753ae2f,a0b23907336269b78a7cfd2eb7057232c7afcf87129f8a4c9d0f5e93faa0a5ef,d0bde0ec0552c341e5ead1b4598d63352fb999a1674433bd60a7c7c3d3287ac0,9c306d57a391d92a493f0b9590b5ec0d2af7679ab1dc1116abab6b6253017763,30
V1Ia,inhibitory,9,9,0,0,0,9,0.02756715173,-4.345708136,11.26774037,4,0,5,9,-0.1943476615,-7.71173631,9.725145447,6,0,3,9,0,-0.01351351351,0.01298701299,2,6,1,9,0,-0.01351351351,0.01298701299,2,6,1,9,-0.09037915873,-0.1138171657,-0.0858276635,9,0,0,9,-0.0007621924197,-0.001539754378,0.0006668873857,6,0,3,9,0.0170131538,0.01441980324,0.02642908746,0,0,9,9,9,0,0,9,0.057525,0.004225,2.2926,0,0,9,descriptive design grid within one frozen realization; ranges are not uncertainty intervals,1,conditional on one frozen realization; no sampling inference,2026-08-26T18:12:43.884305+00:00,publication-outputs-1.0.0,0950b556111bec172d56ad34fe3569f251832a44e44c7eb43f636e6af321a5a1,ac36628fef7684bc08672b4c0678d32822a62f1b86b86ed9e5e19afa29f97220,cf2fef52687428f0eab74fc123ceb2a36cb6d0fc70d5442d221c955a4753ae2f,a0b23907336269b78a7cfd2eb7057232c7afcf87129f8a4c9d0f5e93faa0a5ef,d0bde0ec0552c341e5ead1b4598d63352fb999a1674433bd60a7c7c3d3287ac0,9c306d57a391d92a493f0b9590b5ec0d2af7679ab1dc1116abab6b6253017763,30
V1Ren,none,9,9,0,0,0,9,-0.02753812834,-7.561792011,12.55299006,6,0,3,9,0.02301321728,-9.690937504,10.22343828,4,0,5,9,0,0,0,0,9,0,9,0,0,0,0,9,0,9,-0.1099386528,-0.1336513396,-0.1079831332,9,0,0,9,-0.001450238183,-0.002222008817,-0.001251400172,9,0,0,9,0.02321668784,0.0222029768,0.034349133,0,0,9,,,,,0,,,,0,0,0,descriptive design grid within one frozen realization; ranges are not uncertainty intervals,1,conditional on one frozen realization; no sampling inference,2026-08-26T18:12:43.884305+00:00,publication-outputs-1.0.0,0950b556111bec172d56ad34fe3569f251832a44e44c7eb43f636e6af321a5a1,ac36628fef7684bc08672b4c0678d32822a62f1b86b86ed9e5e19afa29f97220,cf2fef52687428f0eab74fc123ceb2a36cb6d0fc70d5442d221c955a4753ae2f,a0b23907336269b78a7cfd2eb7057232c7afcf87129f8a4c9d0f5e93faa0a5ef,d0bde0ec0552c341e5ead1b4598d63352fb999a1674433bd60a7c7c3d3287ac0,9c306d57a391d92a493f0b9590b5ec0d2af7679ab1dc1116abab6b6253017763,30
V1Ren,excitatory,9,9,0,0,0,9,0.07314067603,-16.23006162,10.26295498,4,0,5,9,0.1093937287,-14.67401801,10.386384,3,0,6,9,0,-0.01351351351,0.01332877649,2,6,1,9,0,-0.01351351351,0.01349965824,2,6,1,9,-0.1142616283,-0.1349870933,-0.1108962592,9,0,0,9,-0.001607124574,-0.002256388009,-0.001036364234,9,0,0,9,0.02503070515,0.02264891434,0.03518859075,0,0,9,9,9,0,0,9,1.16535,0.570975,1.848075,0,0,9,descriptive design grid within one frozen realization; ranges are not uncertainty intervals,1,conditional on one frozen realization; no sampling inference,2026-08-26T18:12:43.884305+00:00,publication-outputs-1.0.0,0950b556111bec172d56ad34fe3569f251832a44e44c7eb43f636e6af321a5a1,ac36628fef7684bc08672b4c0678d32822a62f1b86b86ed9e5e19afa29f97220,cf2fef52687428f0eab74fc123ceb2a36cb6d0fc70d5442d221c955a4753ae2f,a0b23907336269b78a7cfd2eb7057232c7afcf87129f8a4c9d0f5e93faa0a5ef,d0bde0ec0552c341e5ead1b4598d63352fb999a1674433bd60a7c7c3d3287ac0,9c306d57a391d92a493f0b9590b5ec0d2af7679ab1dc1116abab6b6253017763,30
V1Ren,inhibitory,9,9,0,0,0,9,0.2900652225,-2.722190418,16.09535807,2,0,7,9,0.08105321366,-0.7610828082,12.43443248,3,0,6,9,0,-0.01351351351,0.01333333333,2,6,1,9,0,-0.01351351351,0.01333333333,2,6,1,9,-0.1123593386,-0.1343254206,-0.1067625255,9,0,0,9,-0.00144164531,-0.002835541055,-0.001157490343,9,0,0,9,0.02405917879,0.02153832101,0.03305973423,0,0,9,9,9,0,0,9,0.058975,0.03035,2.26305,0,0,9,descriptive design grid within one frozen realization; ranges are not uncertainty intervals,1,conditional on one frozen realization; no sampling inference,2026-08-26T18:12:43.884305+00:00,publication-outputs-1.0.0,0950b556111bec172d56ad34fe3569f251832a44e44c7eb43f636e6af321a5a1,ac36628fef7684bc08672b4c0678d32822a62f1b86b86ed9e5e19afa29f97220,cf2fef52687428f0eab74fc123ceb2a36cb6d0fc70d5442d221c955a4753ae2f,a0b23907336269b78a7cfd2eb7057232c7afcf87129f8a4c9d0f5e93faa0a5ef,d0bde0ec0552c341e5ead1b4598d63352fb999a1674433bd60a7c7c3d3287ac0,9c306d57a391d92a493f0b9590b5ec0d2af7679ab1dc1116abab6b6253017763,30
V2b,none,9,9,0,0,0,9,-0.03534609033,-14.02139068,15.09542504,5,0,4,9,0.03998574811,-15.67145664,17.60657418,3,0,6,9,0,0,0,0,9,0,9,0,0,0.01333333333,0,8,1,9,-0.06175562685,-0.0856311844,-0.05803445878,9,0,0,9,-0.0004709629733,-0.001055867509,-0.0003931540495,9,0,0,9,0.007641369986,0.006711151187,0.01604241495,0,0,9,,,,,0,,,,0,0,0,descriptive design grid within one frozen realization; ranges are not uncertainty intervals,1,conditional on one frozen realization; no sampling inference,2026-08-26T18:12:43.884305+00:00,publication-outputs-1.0.0,0950b556111bec172d56ad34fe3569f251832a44e44c7eb43f636e6af321a5a1,ac36628fef7684bc08672b4c0678d32822a62f1b86b86ed9e5e19afa29f97220,cf2fef52687428f0eab74fc123ceb2a36cb6d0fc70d5442d221c955a4753ae2f,a0b23907336269b78a7cfd2eb7057232c7afcf87129f8a4c9d0f5e93faa0a5ef,d0bde0ec0552c341e5ead1b4598d63352fb999a1674433bd60a7c7c3d3287ac0,9c306d57a391d92a493f0b9590b5ec0d2af7679ab1dc1116abab6b6253017763,30
V2b,excitatory,9,9,0,0,0,9,-0.4273063956,-12.61107269,3.636603236,6,0,3,9,-2.69033523,-15.12517784,1.768887336,7,0,2,9,0,-0.01351351351,0.0001708817498,2,6,1,9,0,-0.01351351351,0.01315789474,3,5,1,9,-0.06731894031,-0.08871315,-0.06216053332,9,0,0,9,-0.0005329418109,-0.002008329316,-0.0004548978342,9,0,0,9,0.009172553284,0.00782295409,0.01687033112,0,0,9,9,9,0,0,9,0.65725,0.571075,2.073225,0,0,9,descriptive design grid within one frozen realization; ranges are not uncertainty intervals,1,conditional on one frozen realization; no sampling inference,2026-08-26T18:12:43.884305+00:00,publication-outputs-1.0.0,0950b556111bec172d56ad34fe3569f251832a44e44c7eb43f636e6af321a5a1,ac36628fef7684bc08672b4c0678d32822a62f1b86b86ed9e5e19afa29f97220,cf2fef52687428f0eab74fc123ceb2a36cb6d0fc70d5442d221c955a4753ae2f,a0b23907336269b78a7cfd2eb7057232c7afcf87129f8a4c9d0f5e93faa0a5ef,d0bde0ec0552c341e5ead1b4598d63352fb999a1674433bd60a7c7c3d3287ac0,9c306d57a391d92a493f0b9590b5ec0d2af7679ab1dc1116abab6b6253017763,30
V2b,inhibitory,9,9,0,0,0,9,0.017952521,-8.355669056,6.922179222,4,0,5,9,0.1264301617,-6.815456325,5.838837771,3,0,6,9,0,-0.01351351351,0,2,7,0,9,0,-0.01351351351,0,2,7,0,9,-0.06223727982,-0.08595038905,-0.05787243102,9,0,0,9,-0.0004027662963,-0.001395715053,-0.0003361290188,9,0,0,9,0.0079079187,0.006682805807,0.01587498368,0,0,9,9,9,0,0,9,0.057425,0.01525,1.812925,0,0,9,descriptive design grid within one frozen realization; ranges are not uncertainty intervals,1,conditional on one frozen realization; no sampling inference,2026-08-26T18:12:43.884305+00:00,publication-outputs-1.0.0,0950b556111bec172d56ad34fe3569f251832a44e44c7eb43f636e6af321a5a1,ac36628fef7684bc08672b4c0678d32822a62f1b86b86ed9e5e19afa29f97220,cf2fef52687428f0eab74fc123ceb2a36cb6d0fc70d5442d221c955a4753ae2f,a0b23907336269b78a7cfd2eb7057232c7afcf87129f8a4c9d0f5e93faa0a5ef,d0bde0ec0552c341e5ead1b4598d63352fb999a1674433bd60a7c7c3d3287ac0,9c306d57a391d92a493f0b9590b5ec0d2af7679ab1dc1116abab6b6253017763,30
